Column1,name,keyword,content,tags,address,address1
0,"더럭초등학교(구, 더럭분교)",문화,초등학교 동창들과 함께한 가을 여행 속 방문한 애월 더럭분교,"['#제주컬러어택', '#더럭분교', '#초등동창가을여행', '#무지개빛우정']",제주특별자치도 제주시 애월읍 하가로 195, 애월읍 
1,방주교회,문화,좋아요좋아요좋아요,"['#봄', '#미식', '#애인', '#혼자', '#직장동료']",제주특별자치도 서귀포시 안덕면 산록남로762번길 113, 안덕면 
2,김영갑갤러리 두모악,문화,오렌지빛 가득한 김영갑갤러리두모악. 그는 가도 그의 영혼은 생기있게 빛나고 있다.,"['#제주컬러어택', '#김연갑갤러리두모악', '#오렌지빛이눈에들어왔다']",제주특별자치도 서귀포시 성산읍 삼달로 137, 성산읍 
3,너븐숭이 4.3기념관,문화,운영시간이 6시까진데 미리 알아보지 못하고 5시 58분에 도착했습니다 아쉽게도 발걸음을 돌리려 했으나 운영하시는 분께서 흔쾌히 11분짜리 영상도 틀어주시고 친절하게 해설도 해주셨습니다. 감사해요!!!! 다음에 또 가서 4.3길도 걸어보고 싶네요.,"['#너븐숭이', '#4.3길', '#북촌리', '#순이삼촌']",제주특별자치도 제주시 조천읍 북촌3길 3, 조천읍 
4,제주민속촌,문화,친동생 군입대와 가족여행 겸 다녀온 제주여행입니다. 입대로 인한 슬픔과 가족여행이라는 기쁨이 공존하는 여행이였는데요 제주도도 날씨가 기뻤다가 슬펐다가 오락가락했었네요 이제는 입대를 한 동생이 하루빨리 나와서 기쁨으로만 가득한 제주여행을 다시 하고싶습니다!,"['#제주민속촌', '#제주도', '#가족여행', '#군입대']",제주특별자치도 서귀포시 표선면 민속해안로 631-34, 표선면 
5,제주민속촌,문화,친동생 군입대와 가족여행 겸 다녀온 제주여행입니다. 입대로 인한 슬픔과 가족여행이라는 기쁨이 공존하는 여행이였는데요 제주도도 날씨가 기뻤다가 슬펐다가 오락가락했었네요 이제는 입대를 한 동생이 하루빨리 나와서 기쁨으로만 가득한 제주여행을 다시 하고싶습니다!,"['#제주민속촌', '#제주도', '#가족여행', '#군입대']",제주특별자치도 서귀포시 표선면 민속해안로 631-34, 표선면 
6,대장금촬영지(제주민속촌),테마관광,대장금 촬영장으로 유명한 곳.. 제주민속촌<br>대장금세트장에 촬영 때 사용했던 것으로 보이는 대본이랑 소품들이 전시되어 있더라구요<br>아주 좋아요!!!,[],제주특별자치도 서귀포시 표선면 민속해안로 631-34, 표선면 
7,대장금촬영지(제주민속촌),테마관광,대장금 촬영장으로 유명한 곳.. 제주민속촌<br>대장금세트장에 촬영 때 사용했던 것으로 보이는 대본이랑 소품들이 전시되어 있더라구요<br>아주 좋아요!!!,[],제주특별자치도 서귀포시 표선면 민속해안로 631-34, 표선면 
8,항파두리항몽유적지,문화,항몽유적지의 사진 스팟??,"['#5월엔제주#항몽유적지#제주봄여행', '##제주사진찍기좋은곳', '##제주여행']",제주특별자치도 제주시 애월읍 항파두리로 50, 애월읍 
9,제주조천스위스마을,문화,칼라가 아름다운 제주속의 스위스,"['##스위스', '##스위스마을', '##조천리']",제주특별자치도 제주시 조천읍 함와로 566-27, 조천읍 
10,선운정사,문화,#제주가을#선운정사#제주여행#제주야경,"['#제주가을', '#선운정사', '#제주여행', '#제주야경']",제주특별자치도 제주시 애월읍 구몰동길 65, 애월읍 
11,성읍마을,문화,성읍민속마을에서 점심을 먹고 근처에 있는 비자나무들과 함게 산책하기에 좋은것같아요,"['#성읍', '#민손', '#비자나무']",제주특별자치도 서귀포시 표선면 성읍정의현로 19, 표선면 
12,알뜨르비행장,문화,"# 일제식민지 잔재와 제주 4.3이라는 어두운 우리 근대역사를 직시하는 Dark Tourism의 대표적인 코스로, 생각하는 가을 제주여행의 또다른 면임. 양민학살 장소 유적지 사진은 직접 올리는건 아닌듯 싶어 뺏음. 가벼운 발걸음에 직접찾아 무거운 무거운 역사의 사실을 직시하고 느끼는 시간을 갖는것도 가을 제주도 여행의 소중한 보람이 될듯 합니다.",[],제주특별자치도 서귀포시 대정읍 상모리, 대정읍 
13,알뜨르비행장,문화,"# 일제식민지 잔재와 제주 4.3이라는 어두운 우리 근대역사를 직시하는 Dark Tourism의 대표적인 코스로, 생각하는 가을 제주여행의 또다른 면임. 양민학살 장소 유적지 사진은 직접 올리는건 아닌듯 싶어 뺏음. 가벼운 발걸음에 직접찾아 무거운 무거운 역사의 사실을 직시하고 느끼는 시간을 갖는것도 가을 제주도 여행의 소중한 보람이 될듯 합니다.",[],제주특별자치도 서귀포시 대정읍 상모리, 대정읍 
14,송악산 진지동굴,자연,#송악산진지동굴 에서 본 산방산과 마라도 가는 유람선 - - 지금은 송악산진지동굴 몇군데가 붕괴 되어서 접근불가입니다,['#송악산진지동굴'],제주특별자치도 서귀포시 대정읍 상모리, 대정읍 
15,송악산 진지동굴,자연,#송악산진지동굴 에서 본 산방산과 마라도 가는 유람선 - - 지금은 송악산진지동굴 몇군데가 붕괴 되어서 접근불가입니다,['#송악산진지동굴'],제주특별자치도 서귀포시 대정읍 상모리, 대정읍 
16,지니어스 로사이,문화,"#제주여행 갈때마다 #지니어스로사이 를 가려고 했는데 루트와 내부공사때문에 두번이나 못갔던 이 곳을 드디어 방문했습니다!
현무암, 하늘, 유채꽃, 성산일출봉등 제주의 자연과 건축이 함께 공존하는 공간이였기에 감동이 더욱 컸습니다. 자주 방문했던 제주였지만 또 다른 느낌의 제주를 만날 수 있었습니다. 이박삼일간의 일정중에 가장 인상깊었던 곳이였으며 열번정도의 제주여행을 해 봤지만 다섯손가락 안에 들만큼 가치가 높은 곳이였습니다.
#제주도#지니어스로사이 모두 저에겐 소중한 곳 입니다
올해 가을! 얼마 남지 않았습니다 #가을여행 으로 제주도를! 그중에 #지니어스로사이 를 꼭 방문하셨으면 합니다
하늘이 높은 가을. 가을과 잘어울리는 제주. 애정해요??
#제주 가을#제주여행","['#제주여행', '#지니어스로사이', '#제주도', '#지니어스로사이', '#가을여행', '#지니어스로사이', '#제주', '#제주여행']",제주특별자치도 서귀포시 성산읍 고성리 21, 성산읍 
17,제주현대미술관,문화,예술은 쥐뿔도 모르지만 근처에 볼만한 곳이라고 찍혀서 함 가봄요,"['#여름', '#가족여행', '#가족']",제주특별자치도 제주시 한경면 저지14길 35, 한경면 
18,산방굴사,문화,제주여행첫날-비행기놓치고- 제주여행둘째날-트렁크잠기고- 또어떤일이생길지-불안하고-무섭고-힘들때찾았던-산방굴사- 불안하고-두렵던내마음에- 안정과편안을남겨주었습니다-,"['##산방굴사#약수가명약#부처님의은덕', '##여행은지금부터', '##산방굴사#약수가명약#부처님은덕#여행은지금부터']",제주특별자치도 서귀포시 안덕면 사계리 산 16, 안덕면 
19,산방굴사,문화,제주여행첫날-비행기놓치고- 제주여행둘째날-트렁크잠기고- 또어떤일이생길지-불안하고-무섭고-힘들때찾았던-산방굴사- 불안하고-두렵던내마음에- 안정과편안을남겨주었습니다-,"['##산방굴사#약수가명약#부처님의은덕', '##여행은지금부터', '##산방굴사#약수가명약#부처님은덕#여행은지금부터']",제주특별자치도 서귀포시 안덕면 사계리 산 16, 안덕면 
20,혼인지,문화,혼인지 수국,"['#혼인지', '#수국', '#혼인지수국']",제주특별자치도 서귀포시 성산읍 혼인지로 39-22, 성산읍 
21,북촌돌하르방미술관,문화,북촌돌하르방공원은 아이의 상상력을 자극할 수 있는 곳이죠. 사진찍을 곳이 너무 많고 시간가는 줄 모를거에요. 돌색깔들이 마음을 차분하게 만들어주는 이 곳. 꼭 가보세요.,"['#제주컬러어택', '#북촌돌하르방공원', '#돌하르방']",제주특별자치도 제주시 조천읍 북촌서1길 70, 조천읍 
22,마라도성당,문화,"가족들과 함께 아름다운 제주의 가을을 느끼고 왔어요. 제주의 매력에 빠져 근래 제법 다녀와서 ‘이제 제주 볼 것은 다 봤다.’ 생각했는데 이번 여행에서 제주는 아직도 가봐야 할 곳이 많음을 깨닫고 왔죠. 교과서에서 지명으로 접하던 ‘마라도’를 실제로 가봤어요. 최남단 섬이라는 설명은 마라도의 아름다움을 설명하기에 턱없이 부족했어요. 벌써 가을빛이 든 갈대들, 내륙에서 보지 못하던 힘찬 파도, 유독 높고 푸른 제주의 가을 하늘!?? 가는 길은 뱃멀미로 힘들었지만 그 피로를 한 번에 가시게 하는 멋진 곳이었답니다. 가을에 제주를 방문한 것은 처음이었는데, 유독 더 파랗고 높았던 제주의 가을 하늘은 오래도록 잊지 못할 것 같아요. 모두 아름다운 가을 제주와 행복한 여행 되세요!????","['#제주가을', '#마라도', '#제주바다']",제주특별자치도 서귀포시 대정읍 마라로 153, 대정읍 
23,낙천리아홉굿의자마을,문화,#제주낙천#낙천아홉굿마을 #제주밭담 #봄 #유채꽃 #올레길13코스중,"['#제주낙천', '#낙천아홉굿마을', '#제주밭담', '#봄', '#유채꽃', '#올레길13코스중']",제주시 한경면 낙수로 97, 한경면 
24,제주도립김창열미술관,문화,가을에 추억을 방울방울 담을 수 있는 공간입니다. 10월6일까지 입장객 선착순 5팀에게 폴라이이드 촬영을 할 수 있는 카메라와 필름10장이 제공된답니다. 넘 매력있는 이벤트와 김창렬의 물방울 그림! 이 가을에 꼭 만나보세요.,"['#추억은방울방울', '#김창열미술관', '#물방울그림']",제주특별자치도 제주시 한경면 용금로 883-5, 한경면 
25,제주도립김창열미술관,문화,가을에 추억을 방울방울 담을 수 있는 공간입니다. 10월6일까지 입장객 선착순 5팀에게 폴라이이드 촬영을 할 수 있는 카메라와 필름10장이 제공된답니다. 넘 매력있는 이벤트와 김창렬의 물방울 그림! 이 가을에 꼭 만나보세요.,"['#추억은방울방울', '#김창열미술관', '#물방울그림']",제주특별자치도 제주시 한경면 용금로 883-5, 한경면 
26,김녕금속공예벽화마을,문화,#게스트하우스 #첫친구 #올레20코스 #일몰,"['#게스트하우스', '#첫친구', '#올레20코스', '#일몰']",제주특별자치도 제주시 한경면 용금로 883-5, 구좌읍 
27,김녕금속공예벽화마을,문화,#게스트하우스 #첫친구 #올레20코스 #일몰,"['#게스트하우스', '#첫친구', '#올레20코스', '#일몰']",제주특별자치도 제주시 한경면 용금로 883-5, 구좌읍 
28,저지 예술인 마을,문화,제주 저지리에 위치한 저지 예술인의 마을에서 황토를 모아보다.,"['#제주컬러어택', '#저지예술인마을', '#황토색', '#모음집', '#사진', '#추억', '#예술', '#제주', '#여행', '#가을']",제주특별자치도 제주시 한경면 저지14길 28-2, 한경면 
29,별방진,문화,"조선시대 왜구들의 침입에 대비해 하도리에 만든 진지이다.
성곽이 잘 보존되어 있고 내부에서는 밭농사를 짓고 있다.
#별방진 #성곽 #왜구방어","['#별방진', '#성곽', '#왜구방어']",제주특별자치도 제주시 구좌읍 하도리 3354, 구좌읍 
30,순례자의교회,문화,"수월봉을다녀오는길에 아홉굽의자마을을 거쳐서,내비가추천해준 작은교회..정말 혼자들어갈수밖에없는 좁은문을 지나입장...혼자 앉아서 기도하기참좋은곳....제주의 숨은 장소.알려지지않은곳이라 조용히 들여다보고왔담니다.....참 예쁘고,조용한곳이라좋았어요......",[],제주특별자치도 제주시 한경면 일주서로 3960-24, 한경면 
31,송당본향당,문화,#송당상회본향당소원나무#제주여행 #송당#송당상회,"['#송당상회본향당소원나무', '#제주여행', '#송당', '#송당상회']",제주특별자치도 제주시 구좌읍 송당리, 구좌읍 
32,송당본향당,문화,#송당상회본향당소원나무#제주여행 #송당#송당상회,"['#송당상회본향당소원나무', '#제주여행', '#송당', '#송당상회']",제주특별자치도 제주시 구좌읍 송당리, 구좌읍 
33,송당본향당,문화,#송당상회본향당소원나무#제주여행 #송당#송당상회,"['#송당상회본향당소원나무', '#제주여행', '#송당', '#송당상회']",제주특별자치도 제주시 구좌읍 송당리, 구좌읍 
34,문석이오름,자연,"백약이오름에서 동검은이오름으로 가다보면 왼쪽에 낮으막한 언덕이 하나 있는데 이게 문석이 오름이다.
전체적으로 높이가 낮은 편이라 누구나 쉽게 다가갈 수 있다는 장점이 있다.
하지만 높은 오름 사이에 있어서 눈에 잘 들어오지는 않는다.
#문석이오름 #오름 #동검은이오름 #오름투어","['#문석이오름', '#오름', '#동검은이오름', '#오름투어']",제주특별자치도 제주시 구좌읍 송당리, 구좌읍 
35,문석이오름,자연,"백약이오름에서 동검은이오름으로 가다보면 왼쪽에 낮으막한 언덕이 하나 있는데 이게 문석이 오름이다.
전체적으로 높이가 낮은 편이라 누구나 쉽게 다가갈 수 있다는 장점이 있다.
하지만 높은 오름 사이에 있어서 눈에 잘 들어오지는 않는다.
#문석이오름 #오름 #동검은이오름 #오름투어","['#문석이오름', '#오름', '#동검은이오름', '#오름투어']",제주특별자치도 제주시 구좌읍 송당리, 구좌읍 
36,문석이오름,자연,"백약이오름에서 동검은이오름으로 가다보면 왼쪽에 낮으막한 언덕이 하나 있는데 이게 문석이 오름이다.
전체적으로 높이가 낮은 편이라 누구나 쉽게 다가갈 수 있다는 장점이 있다.
하지만 높은 오름 사이에 있어서 눈에 잘 들어오지는 않는다.
#문석이오름 #오름 #동검은이오름 #오름투어","['#문석이오름', '#오름', '#동검은이오름', '#오름투어']",제주특별자치도 제주시 구좌읍 송당리, 구좌읍 
37,제주추사관,문화,"추사 김정희의 글과 그림등 작품을 모아 놓은 박물관으로 추사 거적지에 위치한다.
#추사 #제주추사관 #추사거적지 #추사유배지 #박물관","['#추사', '#제주추사관', '#추사거적지', '#추사유배지', '#박물관']",제주특별자치도 서귀포시 대정읍 추사로 44, 대정읍 
38,제주추사관,문화,"추사 김정희의 글과 그림등 작품을 모아 놓은 박물관으로 추사 거적지에 위치한다.
#추사 #제주추사관 #추사거적지 #추사유배지 #박물관","['#추사', '#제주추사관', '#추사거적지', '#추사유배지', '#박물관']",제주특별자치도 서귀포시 대정읍 추사로 44, 대정읍 
39,추사적거지,문화,"추사 김정희가 제주에서 유배당했을때 생활하던 곳
#추사유배지 #추사거적지 #추사 #김정희","['#추사유배지', '#추사거적지', '#추사', '#김정희']",제주특별자치도 서귀포시 대정읍 추사로 44, 대정읍 
40,추사적거지,문화,"추사 김정희가 제주에서 유배당했을때 생활하던 곳
#추사유배지 #추사거적지 #추사 #김정희","['#추사유배지', '#추사거적지', '#추사', '#김정희']",제주특별자치도 서귀포시 대정읍 추사로 44, 대정읍 
41,대한민국최남단기념비/ 마라도 기념비,문화,아들하고 나하고#마라도 여행#짜장면 먹으러 간당#분위기 끝내주는 마라도,"['#마라도', '#짜장면', '#분위기']",제주특별자치도 서귀포시 대정읍 마라로 131, 대정읍 
42,명월성지,문화,"그냥제주는모든게좋다

#비양도가보이는곳#명월성지#제주여행#JS_Jeju","['#비양도가보이는곳', '#명월성지', '#제주여행', '#JS']",제주특별자치도 제주시 한림읍 명월리 2236, 한림읍 
43,제주세계자연유산센터,문화,"제주를 알려면 우선 이 곳 부터 가보길 추천함. 이 곳은 대한민국에서 유일한 유네스코 세계자연유산으로서의 가치를 널리 알리기 위해 조성됨. 제주도 탄생과정과 직접 가 볼 수 없는 용암동굴 등 교과서에 실린 세계자연유산 제주를 직접 체험해 볼 수 있는 학습장으로 4D영상관을 통해 제주의 환상적인 자연을 온몸으로 느껴볼 수도 있음. 그리고 거문오름은 사전예약제로 당일탐방이 불가함으로 이 곳을 통해 예약해야하며, 탐방안내소에서 출입증을 받고 해설사 안내에 따라서만 탐방이 가능하니 참고하시길",[],제주특별자치도 제주시 조천읍 선교로 569-36(선흘리 478), 조천읍 
44,하멜기념비,문화,우리나라와 네덜란드 사이에 이런 역사가 있었다니 신선했습니다 #하멜기념비,[],제주특별자치도 서귀포시 안덕면 사계리 112-3, 안덕면 
45,귀덕연대,문화,거북이등대입니다,[],제주특별자치도 제주시 한림읍 귀덕14길 14-5, 한림읍 
46,귀빈사,문화,"이승만 초대 대통령 시절 제주도에 지어진 대통령 별장 귀빈사(貴賓舍). 현재는 송당의 평화로운 목장 가운데 있어서 차분한 분위기를 가지고 있습니다. 유독 제주의 풍경사진을 찍는 사람들에게 알려져 있었으나, 요새에는 대중들에게도 조금씩 인기를 끌고 있습니다. 출입이 제한되어 있어서 풀이 무성하지만, 50여년의 역사 자원인 만큼 가옥과 고목의 분위기에 압도되는 듯한 느낌을 받습니다. 귀빈사는 지난 2003년 4월 근대 문화재로 지정, 등록문화재로 인정받은 바 있습니다.",[],제주특별자치도 제주시 구좌읍 비자림로 1456, 구좌읍 
47,추사 유배길 - 3코스 사색의 길,도보,#추사유배길 #사색의길 #유채꽃 축제 따로 갈 필요가 없습니다. 해안 도로를 달리다가 아름다운 곳에 멈춰서이 그곳이 명당이더군요. 추사 김정희의 유배길입니다,"['#추사유배길', '#사색의길', '#유채꽃']",제주특별자치도 서귀포시 안덕면 향교로 165-17, 안덕면 
48,추사 유배길 - 3코스 사색의 길,도보,#추사유배길 #사색의길 #유채꽃 축제 따로 갈 필요가 없습니다. 해안 도로를 달리다가 아름다운 곳에 멈춰서이 그곳이 명당이더군요. 추사 김정희의 유배길입니다,"['#추사유배길', '#사색의길', '#유채꽃']",제주특별자치도 서귀포시 안덕면 향교로 165-17, 안덕면 
49,무등이왓터,문화,#제주4·3 #무등이왓 #영화_지슬_배경 #4·3유적지 #국가폭력 #기억하겠습니다,"['#제주4', '#무등이왓', '#영화', '#4', '#국가폭력', '#기억하겠습니다']",제주특별자치도 서귀포시 안덕면 신화역사로586번길 21-7, 안덕면 
50,발자국화석공원,문화,#발자국화석공원 붉은 바닥 위이 펼쳐진 옛 조상과 동물의 발자국이 궁금했는데 아쉽게 직접 볼 순 없더라구요. 그래도 그 옆에 자전거 도로도 그렇고 해안 길이 잘 되어있어서 산책하기 좋았아요.,['#발자국화석공원'],제주특별자치도 서귀포시 대정읍 형제해안로 192, 대정읍 
51,선흘1리,문화,제주겨울여행,"['#선흘', '#제주컬러어택', '##제주', '#제주여행', '#제주도여행', '#제주겨울여행']",제주특별자치도 제주시 조천읍 중산간동로 1280, 조천읍 
52,성김대건신부표착기념관,문화,천주교 김대건신부와 제주 천주교 정착을 알 수 있는 성지,[],제주특별자치도 제주시 한경면 용수1길 108, 한경면 
53,와흘본향당,문화,"송당 백주또 본향신의 11번째 아들인 백조도령과 그의 처신을 모신 곳이다. 이 당에서는 1년에 두 차례 당굿을 크게 벌인다. 음력 정월 14일에 신과세제, 7월 14일에 마불림제를 한다.",[],제주특별자치도 제주시 조천읍 와흘리 1274-1, 조천읍 
54,용수항,문화,제주 서부 해안로 따라 가다 저녁노을이 너무너무멋져 한컷~,[],제주특별자치도 제주시 한경면 용수리, 한경면 
55,제주항일기념관,문화,"우리가족박물관탐방 제주에서6
우리 가족은 매년 국립중앙박물관에서 개최하는 우리가족박물관 탐방 행사에 참여하고 있습니다.
그래서 제주도는 매년 찾고 있지요.
제주에는 많은 다양한 박물관이 있습니다.
그래서 우리 가족에게는 더욱 더 의미있는 곳이지요.
다양한 박물관을 탐방하면서 우리 가족은 함께 즐겁고 재미있는 시간을 보내지요.",[],제주특별자치도 제주시 조천읍 신북로 303, 조천읍 
56,평화통일 불사리탑,문화,용두암에서 월정리까지 자전거 여행 중에 잠시 들렀습니다. 경내를 다 둘러보진 못했지만 아주 이국적이에요. 조천읍 전경을 둘러 볼 수 있어요.,"['#봄', '#레포츠', '#혼자', '#자전거여행']",제주특별자치도 제주시 조천읍 일주동로 884, 조천읍 
57,포도갤러리 in 포도호텔,문화,"우동으로 유명한 포도호텔에서 포도갤러리가 오픈되서 가보니,
포도호텔 자체만으로도 건축작품의 주변 풍광에 산책만 해도 힐링이 되는 곳이 었습니다.
포도호텔 지하에 갤러리가 있고 무료여서 눈치 안보고 둘러볼 수 있고 갤러리 공간도 편안히 조용하게 둘러볼 수 있어서
충분한 작품 감상을 할 수 있는 공간 이었습니다.

추천할께요!! 제주의 작품을 볼 수 있는 갤러리 구경에 왕새우튀김우동 한 그릇까지 하면
요즘 말하는 일상 속 소확행 이 아닐듯 싶습니다. ^^",[],제주특별자치도 서귀포시 안덕면 산록남로 863 포도호텔 지하1층, 안덕면 
58,프랑스샤르망,문화,"프랑스샤르망/ 제주프랑스문화원에서 프랑스박물관의 명칭이며, 미술품, 예술품, 공통품,등 19세기 좌우의 엔틱물건을 전시하고 있다.",[],제주시 한림읍 명상로 37, 한림읍 
59,제주레일바이크,레저/체험,아기자기 해요,"['#신랑', '#여름', '#가족여행']",제주특별자치도 제주시 구좌읍 종달리 4639, 구좌읍 
60,제주레포츠랜드,레저/체험,짱 넓고 카트 잘나가고 너무나 좋았네요! 카트 말고도 짚라인도 탔는데 직원분이 너무 친절하게 해줘서 별로 안무서웠네요! 펜션도 있는거 같은데 다음에 친구들이랑 꼭 다시 오고싶네요!,"['#힐링', '#레포츠', '#체험', '#친구']",제주특별자치도 제주시 조천읍 와흘리 870, 조천읍 
61,월정리 카약체험장,레저/체험,"#바다
월정리 카약체험장의 멋진 바다를 드론으로 찍어봤습니다",['#바다'],제주특별자치도 제주시 구좌읍 월정리 1400-4, 구좌읍 
62,귤밭76번지,레저/체험,직장 동료들과 제주도 여행,"['##제주컬러어택', '#귤밭76번지', '#제주도']",제주특별자치도 서귀포시 안덕면 상창리 906, 안덕면 
63,우도잠수함(제주씨월드),레저/체험,#우도잠수함 #아름다운바다 #잊지못할추억,"['#우도잠수함', '#아름다운바다', '#잊지못할추억']",제주특별자치도 서귀포시 성산읍 성산리 347-9, 성산읍 
64,가뫼물,레저/체험,#6월 #감귤대신블루베리 #감귤밭 #모노레일 #감귤비누만들기 #동물먹이주기 #알찬체험,"['#6월', '#감귤대신블루베리', '#감귤밭', '#모노레일', '#감귤비누만들기', '#동물먹이주기', '#알찬체험']",제주특별자치도 서귀포시 남원읍 남원리 2140-6, 남원읍 
65,산방산탄산온천,레저/체험,조금 오래전 이기는 하지만 사계절 다이용할수 있고 가족여행으로도 좋고 친구와 연인들끼리 가도 좋을듯 합니다,"['#가족여행', '#친구', '#겨울', '#애인', '#혼자']",제주특별자치도 서귀포시 안덕면 사계북로 41번길 192, 안덕면 
66,조랑말체험공원,레저/체험,아이들과 조랑말타운에서 즐거운하루~♡ 말도 타고 신나게 카트타고 가족 경주까지~^^,"['##5월엔제주#조랑말타운#성읍리', '##5월엔제주#조랑말타운#성읍리#표선', '##가족카트#말타고#즐거운여행']",제주특별자치도 서귀포시 표선면 가시리 3149-33, 표선면 
67,성산일출봉(UNESCO 세계자연유산),자연,"방문전에는 전화 등을 통해 이용방법을 미리 확인하라는 안내에 따라, 9월 15일 오전에 전화로 문의드렸습니다. 당시 전화를 받았던 여직원은 여태 태어나서 만나 본 사람 중에 가장 예의없고 무례한 사람이었습니다. 처음에는 제 전화나 말투가 혹시 상대방이 불쾌하다고 느낄 것이었나 여러번 생각을 해보기도 했네요. 전화를 받을 때부터 화난 목소리에 불친절한 말투. 리뷰를 보니 이미 여러번 불친절하다고 말이 많던 여직원 이었네요. 몇 년 만에 여행이었기에 기분이 상하고 싶지 않아 인생에 화가 많은 안타까운 분이구나하고 넘어갑니다. 다만, 이직 혹은 직원교육은 꼭 필요해 보입니다.","['#불친절', '#직원교육', '#여직원']",제주특별자치도 서귀포시 성산읍 성산리 1, 성산읍 
68,사려니숲길,자연,#사려니숲. #붉은오름 4/26방문자입니다~친구와 제주공항가는길에 마지막코스로 들렀던 사려니숲~공항가던 길이라 택시이용하고 캐리어가 있던지라 잠시 안내센터에 맡기고자했더니 아주 냉대를 하시며 버럭버럭 소리를 지르시더라구요. 사정얘기를 몇번이나 얘기했더니 입구에 푸드트럭에서 음식 사먹고 맡겨보라고 하더라구요. 안내센터에 보관할만한 장소가 없는것도 아니고 분실되어도 책임 안묻겠다고 잠시 놓고 다녀오겠다는데도 막무가내로 장사꾼내쫓듯 하더군요. 결국엔 입구에 서계신 국경없는의사회에서 나오신설문조사원께 맡기고 다녀왔습니다. 그 아름다운숲길에서 누가 남의 캐리어를 가져간다고 책임을 회피하고자 그러는건지..제주 마지막여행지로 들렀던 곳이 제주의 3일의 인상을 망쳐놓았네요. 푸드트럭에서 맡아줄짐을 사러니숲 안내센터에서는 왜 못맡아주는걸까요?,"['#걷기', '#친구', '#봄']",제주특별자치도 제주시 조천읍 교래리 산 137-1, 조천읍 
69,협재해수욕장,자연,협재해수욕장은 언제봐도 에메랄드 짙푸른 바닷빛이 아름답다. 3번을 갓지만 날씨가 늘 좋지 못해 이쁜 사진을 담을수가 없어 늘 아쉬움이 남아 있다. 이번 제주여행 때에는 맑은날을 기도 해도 될까,"['#협재해수욕장', '#', '#비양도', '#에메랄드빛바다', '#아름다운', '#바다']",제주특별자치도 제주시 한림읍 협재리 2447, 한림읍 
70,월정리해변,자연,"지난 늦여름 제주 월정리 바다에서 스노클링을 즐겼습니다. 월정리 바다는 처음 본 수간 '아니, 우리나라에도 이런 바다가 이썽ㅆ다니!' 싶더라고요. 물속으로 들어가니 수족관이 따로 없던! 한여름의 에메랄드빛 제주, 정말 좋았어요.","['#월정리', '#여름제주', '#에메랄드빛바다', '#스노클링']",제주특별자치도 제주시 구좌읍 월정리 33, 구좌읍 
71,함덕해수욕장,자연,가족과함께,"['#제주컬러어택', '#함덕해수욕장', '#가족과함께']",제주특별자치도 제주시 조천읍 함덕리 1008-1, 조천읍 
72,산굼부리,자연,제주 가을하면 역시 억새꽃. 하얗게 빛나는 억새꽃물결이 너무 아름다웠다,"['##제주컬러어택#산굼부리#제주가을#억새꽃', '#제주컬러어택', '#산굼부리']",제주특별자치도 제주시 조천읍 교래리 342-2, 조천읍 
73,새별오름,자연,아름다운 새별오름,"['#새별오름', '#제주오름', '#세계속제주']",제주특별자치도 제주시 애월읍 봉성리 산 59-8, 애월읍 
74,섭지코지,자연,섭지코지에는 제주가 다 들어 있다. 제주 안의 작은 제주. 섭지코지에 머물다가면 제주를 다 느낄 수 있다.,"['##제주컬러어택', '#섭지코지', '#제주안의작은제주']",제주특별자치도 서귀포시 성산읍 고성리, 성산읍 
75,용눈이오름,자연,"다른 계절엔 다 두, 세 번씩 와본 제주인데, 가을 제주는 이번이 처음이었어요. 유채꽃이 만발한 노란 봄의 제주, 에메랄드빛 바다에 퐁당 빠져 노는 재미가 있던 파란 여름의 제주, 눈이 소복이 덮인 순백의 겨울 제주처럼 계절마다 각기 다른 색으로 기억에 남는 제주인데 가을의 제주는 가 본 적이 없으니 기억에도 없었는데, 이번에 가보니 가을의 제주는 제게 오름에 흐드러지게 피어있는 억새의 '은빛'으로 기억에 남을 것 같아요. 은빛의 가을 제주, 제게 가장 아름다운 제주는 가을이 되었습니다.","['#용눈이오름', '#가을제주', '#제주억새', '#은빛제주']",제주특별자치도 제주시 구좌읍 종달논길, 구좌읍 
76,비자림,자연,"코로나로 1일 입장객수를 50% 1,300명으로 제한한다는 것에 대한 의견입니다. 지난 4월6일 12시경 비자림을 방문하고 2시쯤 나오는데 방송으로 오늘 출입인원 1300명이 다되어서 출입이 안된다고 나오면서 많은 방문객들이 안타깝게 발길을 돌리는 것을 보며 참으로 안타깝고 행정이 아쉬웠습니다. 코로나로 인한 출입제한이라면 결국 비자림내의 밀집도 때문이어야 할텐데 비자림을 보호하자는 것이 아니지 않습니까. 그러면 현재 비자림내의 인원을 통제하는 것이 맞을텐데 주말에는 더 빠를테고 평일에도 멀리서 찾아온 관람객들을 돌려세우고 오후 2시경부터는 텅빈 비자림을 만든다는게 이해가 되지 않고 참으로 안타깝고 탁상공론이라는 생각을 떨쳐 버리기 어려웠습니다. 코로나로 비자림내에 몇명의 관람객이 안전한가를 해서 한계인원이 되면 통제했다 나오는 인원에 맞춰 입장을 시키는 것이 맞지 않을까요. 안타깝게 돌아서는 많은 관광객을 보며 참으로 안타까웠습니다. 적극 검토해 주실 것을 건의 드립니다.","['#봄', '#힐링', '#가족']",제주특별자치도 제주시 구좌읍 평대리 3161-1, 구좌읍 
77,세화해변,자연,"제주도는 여러번 갔지만, 세화해변은 처음 갔어요. 도착해서 바다를 보는데 바다 색도 이쁘고, 너무 좋드라구요. 자전거나 걸어서 해안도로를 따라 가기도 너무 좋게 되어 있습니다. 그런데 해안가가 너무..쓰레기가 많더라구요. 스티로폼이며, 그물이며, 온갖 ..그냥 버린 것 같은 .. 이것들이 정말 잘 조성해놓은 해안도로의 풍경을 망칩니다. 사진에도 나와서 안타까울 정도로요. 관광객도, 또 거기에 사시는 분들도 해변을 아름답게 할 수 있도록, 사진에 이렇게 쓰레기가 보이지 않도록 ..노력하길 바래봅니다.","['#겨울', '#걷기', '#혼자']",제주특별자치도 제주시 구좌읍 세화리 1-1, 구좌읍 
78,우도산호해변 홍조단괴 서빈백사,자연,하얀 산호조각들 때문이었을까. 우도의 이미지는 하얀빛으로 기억에 남는다? 눈부시게 아름다웠던 우도 서빈백사?,"['#제주컬러어택', '#서빈백사', '#우도']",제주특별자치도 제주시 우도면 연평리 2516-2, 우도면 
79,광치기해변,자연,그린색의 멋진 해변 광치기,"['##광치기', '##광치기해변', '##성산일출봉']",제주특별자치도 서귀포시 성산읍 고성리 224-18, 성산읍 
80,김녕해수욕장,자연,아무도 없던 바다. 조용해서 깊었던 김녕해수욕장,"['#제주컬러어택', '#김녕해수욕장', '#아무도없던바다']",제주특별자치도 제주시 구좌읍 김녕리 4330, 구좌읍 
81,송악산,자연,송악산 전망대 부근 해안절벽에서 우연히 발견한 잠든 사자얼굴. 어린 라이언킹이 엄마젖을 물고 잠든 모습처럼 편안해 보인다. 송악산을 찾는 이들이 이 모습을 찾아보는 즐거움을 느끼길...,"['#송악산', '#라이언킹', '#사자얼굴']",제주특별자치도 서귀포시 대정읍 상모리 131, 대정읍 
82,금능해수욕장,자연,우선 좋은것은. 주차장과 해변이 매우 가까운것. 하지만 무법차로 약간 무서움. 그러나 파라솔 영업하시는분들의 다닥다닥 파라솔덕분에 앉을자리가 부족하고. 조개껍질사이로 유리변들이 깨져있어서 아이들걱정에 청소 했다는거..... 게다가 추워서 온수샤워장에 들어가는데.... 현금만 내는 시스템은 좋지만. 아무도 열체크나 이름이나 인적사항을 안적는거..... 아놔. 제주도가 아니면 금능해수욕장이 둘중 어디가 어이없는건지. 약간 두려움에 떨면서 후딱하고 나왔다는거. 개무섭.,"['#가족여행', '#가족', '#여름']",제주특별자치도 제주시 한림읍 금능리 2036-1, 한림읍 
83,애월해안도로,자연,제주의 색을 담아봅니다. 작은 초등학교 그리고 애월해안도로. 갖가지 색이 곱게 어우러져서 더 멋진 제주입니다.,"['##제주컬러어택 #제주애월 #제주애월해안도로', '##애월구엄초등학교', '#제주애월']",제주특별자치도 제주시 애월읍 애월해안로, 애월읍 
84,곽지해수욕장,자연,가족과 함께한 제주도 아이들은 제주도하면 바닷가만 찾는다 너무 이쁜색 보기만해도 눈부시고 이쁘다~~,"['#제주컬러어택', '#곽지해수욕장', '#에메랄드빛바다', '#눈부심']",제주특별자치도 제주시 애월읍 애월원당길 (곽지리), 애월읍 
85,용머리해안,자연,무작정 떠난 제주여행..변덕스런 날씨속에 잠깐 해가 나왔을때 용머리해안 풍경..사람의 때가 묻지 않은 곳..,"['##용머리해안#제주바다#산방산', '##제주여행', '##제주도']",제주특별자치도 서귀포시 안덕면 사계리, 안덕면 
86,용머리해안,자연,무작정 떠난 제주여행..변덕스런 날씨속에 잠깐 해가 나왔을때 용머리해안 풍경..사람의 때가 묻지 않은 곳..,"['##용머리해안#제주바다#산방산', '##제주여행', '##제주도']",제주특별자치도 서귀포시 안덕면 사계리, 안덕면 
87,용머리해안,자연,무작정 떠난 제주여행..변덕스런 날씨속에 잠깐 해가 나왔을때 용머리해안 풍경..사람의 때가 묻지 않은 곳..,"['##용머리해안#제주바다#산방산', '##제주여행', '##제주도']",제주특별자치도 서귀포시 안덕면 사계리, 안덕면 
88,사계해안도로,자연,형제섬이 보이는 사계해안도로를 바이크 드라이브 중에 두더지게임 구멍마냥 뚫어져있는 지질이 신기하더라구요~^^,[],제주특별자치도 서귀포시 안덕면 사계리, 안덕면 
89,사계해안도로,자연,형제섬이 보이는 사계해안도로를 바이크 드라이브 중에 두더지게임 구멍마냥 뚫어져있는 지질이 신기하더라구요~^^,[],제주특별자치도 서귀포시 안덕면 사계리, 안덕면 
90,사계해안도로,자연,형제섬이 보이는 사계해안도로를 바이크 드라이브 중에 두더지게임 구멍마냥 뚫어져있는 지질이 신기하더라구요~^^,[],제주특별자치도 서귀포시 안덕면 사계리, 안덕면 
91,사계해변,자연,#여름#사계해변#형제해안로,"['#여름', '#사계해변', '#형제해안로']",제주특별자치도 서귀포시 안덕면 사계리, 안덕면 
92,사계해변,자연,#여름#사계해변#형제해안로,"['#여름', '#사계해변', '#형제해안로']",제주특별자치도 서귀포시 안덕면 사계리, 안덕면 
93,사계해변,자연,#여름#사계해변#형제해안로,"['#여름', '#사계해변', '#형제해안로']",제주특별자치도 서귀포시 안덕면 사계리, 안덕면 
94,다랑쉬오름(월랑봉),자연,관계자 여러분 오름 전망대의 소나무 정리 좀 해주세요. 이젠 전망이 보이질 않아요.,"['#제주컬러어택', '#', '#다랑쉬오름', '#', '#성산일출봉', '#']",제주특별자치도 제주시 구좌읍 세화리 6, 구좌읍 
95,신창~차귀해안도로,자연,#제주가을 #가을제주 #신창리 #신창풍차해안도로 #아름다움 #행복,"['#제주가을', '#가을제주', '#신창리', '#신창풍차해안도로', '#아름다움', '#행복']",제주특별자치도 제주시 한경면 신창리 1353-1, 한경면 
96,성이시돌목장,자연,"제주 삼남매가 함께 도전한 무지개 점프샷 !! 유난히 선명하던 무지개와 파란 하늘, 초록빛 들판이 삼박자를 이루어 귀요미 삼남매를 더욱 돋보이게 하는구나 ~~??","['#5월엔제주', '#성이시돌목장', '#무지개', '#삼남매', '#제주']",제주특별자치도 제주시 한림읍 금악리 116, 한림읍 
97,검멀레해변,자연,우도에서 보이는 검멀레해안입니다. 보는 순간 입이 떡 벌어졌던 장관 바다와의 조화도 너무 아름다워요,"['#검멀레', '#', '#가을제주', '#', '#제주가을', '#', '#우도', '#', '#제주여행', '#']",제주특별자치도 제주시 우도면 우도해안길, 우도면 
98,만장굴,자연,친절도따윈 없구요. 4시 50분되면 표못사니 그전에 가세요 3인이면 3인모두 한꺼번에 입장해야하니 무슨일있어도 절대 따로 움직이지 마시구요. 기분 더럽게 말하니 필터는 알아서 착용하고 가시면 될듯해요ㅋ 유네스코 한번 보러갔다가 기분 더럽게 잡치고 왔네요 ㅋ,"['#여름', '#체험', '#가족']",제주특별자치도 제주시 구좌읍 월정리 산 41-5, 구좌읍 
99,애월한담해안산책로,자연,"오랜만에 운동모임 친구들 및 제주도민과의 만나이 여름에 있었습니다. 섬소녀도 오랜만에 만났고 현지인이 있으니 역시 제주 구석구석 멋진곳을 많이 볼 수 있었습니다. 애월 노을에서 전시에서 멋진 한라산 드라이브 코스, 까지! 잊을 수 없는 제주이고 눈내리면 한라산 등반을 약속했습니다. 이벤트가 오래도록 한다면 그때의 추억도 함께 공유하고 싶네요.","['#제주도', '#제주컬러어택', '#곽지해수욕장', '#애월', '#한담해안로', '#한라산']",제주특별자치도 제주시 애월읍 곽지리 1359, 애월읍 
100,백약이오름,자연,"깊어가는 가을, 백약이 오름 산책. 그래요 육지는 겨울이라지만 제주는 아직 가을이었어요.","['#백약이오름', '#제주컬러어택', '#산책', '#아직가을']",제주특별자치도 서귀포시 표선면 성읍리 산 1, 표선면 
101,보롬왓,자연,"버스타고 가게된 보롬왓!!! 버스 정류장에서 좀 걸어야 해서 친구가 투덜투덜 하지만 가는길에 볼 수있는 방목장에 이쁜 말들과 경치가 참으로 좋앗어요 동물 좋아하시는 분들은 꼭 걸어가세요!!! 말들이 사람구경옵니당 ㅋㅋ 도착하자 투덜거리던 친구는 너무 예쁘다고 !! 사진 찍자고 더 난리 부리더라구요 ㅎㅎ 일단 도착했으면 커피한잔 !! 메밀크림 들어간 라떼 ,,아직도 잊지못햇어요!! 메밀보러갓는데 메밀은 태풍때문에 ㅠㅠㅠㅠㅠ하지만 맨드라미 잔디가 열일합니당 !!사진 100장 넘게 찍고 보니 , 옷 맞춰 입고 오신분들도 많으시고, 웨딩 촬영하시는분들도 있어서 포즈 따라하기 좋습니다!!! 사진 포즈가 어색하신분 , 다른 커플 가족들 흘깃 보시고 따라 찍으시면 인생샷 건질겁니다!! ㅎㅎ 깡통열차!!!!! 넘나 타고싶엇는데 시간이 안되어 못탓어요!! 어른도 탈 수 있으니까 조금 일찍 도착하셔서 꼭 타보시길 ~~~ 5:30이 막차라용 ㅠㅠㅠ","['#셀프웨딩장소', '#누구나인생샷', '#멘드라미열일!!']",제주특별자치도 서귀포시 표선면 성읍리 3229-4, 표선면 
102,표선해수욕장,자연,표선해수욕장에서 아이들과 함께 즐겁고 행복한 산책. 너무도 밝은 모습은 세상무엇과도 바꿀수없을듯하다. 지금이순간처럼 우리가족 모두 행복하게 앞으로 잘 살면좋겠다,"['#가족', '#표선', '#행복', '#꿈노을해수욕장', '#표선해수욕장가족여행']",제주특별자치도 서귀포시 표선면 표선리, 표선면 
103,표선해수욕장,자연,표선해수욕장에서 아이들과 함께 즐겁고 행복한 산책. 너무도 밝은 모습은 세상무엇과도 바꿀수없을듯하다. 지금이순간처럼 우리가족 모두 행복하게 앞으로 잘 살면좋겠다,"['#가족', '#표선', '#행복', '#꿈노을해수욕장', '#표선해수욕장가족여행']",제주특별자치도 서귀포시 표선면 표선리, 표선면 
104,표선해수욕장,자연,표선해수욕장에서 아이들과 함께 즐겁고 행복한 산책. 너무도 밝은 모습은 세상무엇과도 바꿀수없을듯하다. 지금이순간처럼 우리가족 모두 행복하게 앞으로 잘 살면좋겠다,"['#가족', '#표선', '#행복', '#꿈노을해수욕장', '#표선해수욕장가족여행']",제주특별자치도 서귀포시 표선면 표선리, 표선면 
105,표선세화해안도로,자연,#표선#해안도로#날아라,"['#표선', '#해안도로', '#날아라']",제주특별자치도 서귀포시 표선면 표선리, 표선면 
106,표선세화해안도로,자연,#표선#해안도로#날아라,"['#표선', '#해안도로', '#날아라']",제주특별자치도 서귀포시 표선면 표선리, 표선면 
107,표선세화해안도로,자연,#표선#해안도로#날아라,"['#표선', '#해안도로', '#날아라']",제주특별자치도 서귀포시 표선면 표선리, 표선면 
108,당케산물(당케포구),자연,#당케포구 #푸른바다 #인어의꿈,"['#당케포구', '#푸른바다', '#인어의꿈']",제주특별자치도 서귀포시 표선면 표선리, 표선면 
109,당케산물(당케포구),자연,#당케포구 #푸른바다 #인어의꿈,"['#당케포구', '#푸른바다', '#인어의꿈']",제주특별자치도 서귀포시 표선면 표선리, 표선면 
110,당케산물(당케포구),자연,#당케포구 #푸른바다 #인어의꿈,"['#당케포구', '#푸른바다', '#인어의꿈']",제주특별자치도 서귀포시 표선면 표선리, 표선면 
111,따라비오름,자연,가을 문턱의 따라비 오름,"['#제주가을', '#따라비오름', '#제주도']",제주특별자치도 서귀포시 표선면 가시리 산 62, 표선면 
112,윗세오름(웃세오름),자연,아이들과 함께한 윗세오름! 푸른 가을 하늘과 어우러진 멋진 한라산의 모습,"['## 윗세오름 #가을 한라산 # 아이들과 함께', '##추천 여행지', '##가족여행']",제주특별자치도 제주시 애월읍 광령리 산 183-1, 애월읍 
113,제주동백수목원(위미리 애기동백나무군락),자연,#제주 #위미리 #아빠의 우울증 #물러가랏! #사랑,"['#제주', '#위미리', '#아빠의', '#물러가랏', '#사랑']",제주특별자치도 서귀포시 남원읍 위미리 927, 남원읍 
114,하고수동해변,자연,#우도 #하고수동해변 #블랑로쉐 #바다 #가족여행 #여름,"['#우도', '#하고수동해변', '#블랑로쉐', '#바다', '#가족여행', '#여름']",제주특별자치도 제주시 우도면 연평리, 우도면 
115,아끈다랑쉬,자연,#제주풍경 #아끈다랑쉬오름,"['#제주풍경', '#아끈다랑쉬오름']",제주특별자치도 제주시 구좌읍 세화리 2593, 구좌읍 
116,아부오름,자연,아부오름 등산과함게 이쁜스팟들이 널린곳이라는 생각이드네요,"['#아부오름', '#등산', '#스팟']",제주특별자치도 제주시 구좌읍 송당리 산 164-1, 구좌읍 
117,월령선인장군락지,자연,너무좋았네요#,"['#제주가을', '#월령선인장군란직', '#월령선인장군락지']",제주특별자치도 제주시 한림읍 월령리 359, 한림읍 
118,녹산로유채꽃길,자연,#6감만족,['#6감만족'],제주특별자치도 서귀포시 표선면 가시리 산 87-15, 표선면 
119,거문오름(UNESCO 세계자연유산),자연,"유네스코 자연유산을 직접 체험하는 기회가 있어 좋았습니다.딱 좋은 기분은 거기까지 였어요. 이곳을 좀 느끼고 자연을 바라보는 여유가 필요했는데..해설자분은 뭐가 그리 급하신지 마구 올라 가시더라구요.방문객수와 시간을 고려해서 그러신거라면 다시 프로그램을 짜시는게 어떨지요.삼나무만 기억에 남아요.아이가 그나무를 처음 봐서 관찰하고 싶어했으나 시간도 안주시고,올라가는데 힘을 너무 뺀 나머지 거문오름은 좋은곳이 아니래요.좀 늦으니 무안도 주시고.. 반성하시길 바랍니다.탐방객에게 왜 이곳을 공개하고 해설하시는지 기본을 찾으시길.","['#겨울', '#가족', '#힐링', '#걷기', '#체험']",제주특별자치도 제주시 조천읍 선흘리 478, 조천읍 
120,하도해변,자연,"따뜻한 바람, 품어주던 노을 ?? 아름다움 가득하던 제주 하도 해변 ??","['#힐링', '#', '#휴식', '#하도', '#제주여행추천코스']",제주특별자치도 제주시 구좌읍 해맞이해안로, 구좌읍 
121,안덕계곡,자연,#여름 #안덕계곡,"['#여름', '#안덕계곡']",제주특별자치도 서귀포시 안덕면 감산리 359-1, 안덕면 
122,"군산(군산오름,코메오름)",자연,사진보니 다시 가보고싶네요~~ 제주도 좋아요~~,"['#제주컬러어택', '#초록', '#서귀포', '#군산오름', '#제주서귀포']",제주특별자치도 서귀포시 안덕면 창천리 564, 안덕면 
123,환상숲 곶자왈공원,자연,"식물들이 직접 자생하며 만든 곳. 선생님의 설명을 통해 곶자왈의 깊이가 더욱 깊어졌습니다. 숲을 거닐고, 설명을 들으면서 많이 울컥했습니다. 진짜 힐링을 받고 온 곳입니다. 꼭, 방문해보세요!","['#힐링', '#가족여행', '#혼자']",제주특별자치도 제주시 한경면 녹차분재로 594-1, 한경면 
124,남원큰엉해변,자연,26개월 아이와 함께 한 제주여행 날이 좋아서 사진이 잘 나왔네요,"['##5월엔제주', '##아이와함께', '##남원큰엉해변']",제주특별자치도 서귀포시 남원읍 태위로 522-17, 남원읍 
125,서우봉,자연,"함덕해변 옆에 우뚝 서있는 서우봉에서 만난 제주의 낙조입니다. 세상의 모든 색이 펼쳐져있는 것 같은 하늘과 바다, 정말 황홀한 시간이었답니다.","['#함덕해수욕장', '#서우봉', '#제주일몰', '#해넘이', '#다양한색의제주']",제주특별자치도 제주시 조천읍 함덕리 169-1, 조천읍 
126,서우봉,자연,"함덕해변 옆에 우뚝 서있는 서우봉에서 만난 제주의 낙조입니다. 세상의 모든 색이 펼쳐져있는 것 같은 하늘과 바다, 정말 황홀한 시간이었답니다.","['#함덕해수욕장', '#서우봉', '#제주일몰', '#해넘이', '#다양한색의제주']",제주특별자치도 제주시 조천읍 함덕리 169-1, 조천읍 
127,섯알오름,자연,아니벌써 유채꽃 이라니 ㅎ,"['#산방산', '#유채꽃', '#단산']",제주특별자치도 제주시 조천읍 함덕리 169-1, 대정읍 
128,섯알오름,자연,아니벌써 유채꽃 이라니 ㅎ,"['#산방산', '#유채꽃', '#단산']",제주특별자치도 제주시 조천읍 함덕리 169-1, 대정읍 
129,평대리해변,자연,#제주가을 #장소명 가을여행 제주도 제주방어회와 제주말걸리는 여행의 피로를 풀어주고 걷기좋은 제주도 둘레길은 평생 가져보지 못한 여유를 느껴봤습니다. 신혼여행도 임신중이라 부산을 다녀왔어요 10년만에 신혼여행으로 생각하고 떠나 제주도 역시 해외온 기분도 들고 행복했습니다,"['#제주가을', '#장소명', '#제주방어회']",제주특별자치도 제주시 구좌읍 평대리 515-24, 구좌읍 
130,지미봉,자연,#하도리 #구좌읍하도리 #철새도래지 #비젠빌리지 #낭만마을 #억새밭 #서정마을 #지미봉 #메멘토 #커플스냅 #제주도버스킹 #하도리사진관,"['#하도리', '#구좌읍하도리', '#철새도래지', '#비젠빌리지', '#낭만마을', '#억새밭', '#서정마을', '#지미봉', '#메멘토', '#커플스냅', '#제주도버스킹', '#하도리사진관']",제주특별자치도 제주시 구좌읍 종달리 513, 구좌읍 
131,모슬포항,자연,섬속의 섬으로,"['#가을', '#힐링', '#가족']",제주특별자치도 서귀포시 대정읍 하모리 1089-35, 대정읍 
132,성널오름 (성판악),자연,#제주겨울#한라산국립공원#성판악 겨울등산맛보기,"['#제주겨울', '#한라산국립공원', '#성판악']",제주특별자치도 서귀포시 남원읍 신례리, 남원읍 
133,성널오름 (성판악),자연,#제주겨울#한라산국립공원#성판악 겨울등산맛보기,"['#제주겨울', '#한라산국립공원', '#성판악']",제주특별자치도 서귀포시 남원읍 신례리, 남원읍 
134,성널오름 (성판악),자연,#제주겨울#한라산국립공원#성판악 겨울등산맛보기,"['#제주겨울', '#한라산국립공원', '#성판악']",제주특별자치도 서귀포시 남원읍 신례리, 남원읍 
135,공천포,자연,#공천포 #남원 #공천포올래,"['#공천포', '#남원', '#공천포올래']",제주특별자치도 서귀포시 남원읍 신례리, 남원읍 
136,공천포,자연,#공천포 #남원 #공천포올래,"['#공천포', '#남원', '#공천포올래']",제주특별자치도 서귀포시 남원읍 신례리, 남원읍 
137,공천포,자연,#공천포 #남원 #공천포올래,"['#공천포', '#남원', '#공천포올래']",제주특별자치도 서귀포시 남원읍 신례리, 남원읍 
138,공천포구,자연,"#공천포구 #남원읍

서연의집 카페에 구경갔다가 더욱 깊숙히 해안도로따라 들어온 작은 포구 마을
비가 오락가락하는 날씨여서인지
변화무쌍한 역동적인 구름에 둘러쌓인 조용하고 정적이 흐르는 포구였다
그래서 인지 인생샷도 가능!!","['#공천포구', '#남원읍']",제주특별자치도 서귀포시 남원읍 신례리, 남원읍 
139,공천포구,자연,"#공천포구 #남원읍

서연의집 카페에 구경갔다가 더욱 깊숙히 해안도로따라 들어온 작은 포구 마을
비가 오락가락하는 날씨여서인지
변화무쌍한 역동적인 구름에 둘러쌓인 조용하고 정적이 흐르는 포구였다
그래서 인지 인생샷도 가능!!","['#공천포구', '#남원읍']",제주특별자치도 서귀포시 남원읍 신례리, 남원읍 
140,공천포구,자연,"#공천포구 #남원읍

서연의집 카페에 구경갔다가 더욱 깊숙히 해안도로따라 들어온 작은 포구 마을
비가 오락가락하는 날씨여서인지
변화무쌍한 역동적인 구름에 둘러쌓인 조용하고 정적이 흐르는 포구였다
그래서 인지 인생샷도 가능!!","['#공천포구', '#남원읍']",제주특별자치도 서귀포시 남원읍 신례리, 남원읍 
141,신양섭지해수욕장,자연,섭지코지에서 신양섭지해수욕장을 가는길에 우연히 만난 일몰과 말 한 필이 아름다워서 휴대폰으로 찰칵,"['#제주가을', '#말', '#일몰']",제주특별자치도 서귀포시 성산읍 고성리 127-2, 성산읍 
142,대평포구,자연,"드라이브 돌다가 우연히 가게된 곳인데,,, 이번여행에서 가장 좋았었어요! 올레코스거닐다가 스킨스쿠버를 하고 계신 분들이 있으셔서 어쩌다가 스킨스쿠버도 급으로 하고 왔습니다 ㅋㅋㅋㅋㅋ 너무 재밌었고! 동네가 깔끔하고 조용한데 예쁜 감성카페와 음식점들이 꽤 보이더라구요! 맛있게 잘 먹고 즐겁게 잘 즐기다 왔어요! 꼭 다녀오세요~~ 주차할곳도 많고 해서 차 가지고 가기도 좋아요~","['#대평리', '#대평포구', '#제주도']",제주특별자치도 서귀포시 안덕면 감산리 98 2-2, 안덕면 
143,생각하는정원,자연,분재는 뿌리를 잘라주지 않으면 죽고. 사람은 생각을 바꾸지 않으면 빨리 늙는다. 사람은 나이를 먹어가면서 고장관념과 아집으로 생각이 늙어가기 마련인데.. 이글을 읽는순간 아!! 감탄이 절로 나왔다. 이 정원을 관람하는 동안 나의 고정관념도 아집도 낡은 생각도 모두 잘 길러진 분재처럼 가지치기를 잘 할수있도록 많은 것을 배워가는 소중한 시간이었다. 갈치조림도 엄청 신선하고 맛있었다~~^_____^*,"['#생각하는정원', '#신혼여행', '#겨울여행']",제주특별자치도 제주시 한경면 저지리 1534, 한경면 
144,박수기정,자연,내 생애 가장 아름다웠던 석양이에요^-^? 제주도 대평리 대평포구에서 담아낸 제주의 빛깔입니다. 하늘에 노을이 물들었는데 완전 아름답고 신비로워서 눈을 뗄 수가 없었어요~ 박수기정과 바다와 노을의 완벽한 조화에 감동받았어요? 이 날 제주의 색깔은 갈색이었습니다??,"['#제주컬러어택', '#박수기정', '#제주도노을', '#제주도컬러', '#갈색빛', '#제주컬러어텍']",제주특별자치도 서귀포시 안덕면 감산리 1010, 안덕면 
145,닭머르해안길,자연,"#제주도 #제주도여행 #제주도산책 #제주도해안길 #닭머르해안길 #해안누리길 #올레18코스

아침에 산책하기에도 좋고 오후 일몰쯤에 가도 정말 아름다운 닭머르해안길! 가을에 산책하기 딱좋은 코스!","['#제주도', '#제주도여행', '#제주도산책', '#제주도해안길', '#닭머르해안길', '#해안누리길', '#올레18코스']",제주특별자치도 제주시 조천읍 신촌리 2408-1, 조천읍 
146,동백동산,자연,5월엔 동백동산 선흘곶자왈에서 힐링하세요,"['#5월엔제주', '#동백동산', '#선흘곶자왈', '#숲길']",제주특별자치도 제주시 조천읍 선흘리 산 12, 조천읍 
147,사라오름,자연,한라산 성판악코스를 오르는 이유중 하나는 사라오름 때문이다. 태풍이 지나가고 난 후 물찬사라오름 산정호수가 기대되었던 바 백록담찍고 내려오던중 사라오름에 올랐다. 물찬산정호수를 보는순간 탄성이 절로 나왔다. 데크위 차가운 물에 발을 담그는 순간 힘듦은 사라져버렸다 호수에 비친 사라오름의 모습 또한 장관중 장관 또 이런 사라오름을 만날수 있을까? 이번제주여행의 최고는 물찬사라오름 산정호수였다,"['##제주여행 #성판악 #사라오름 #산정호수', '##제주가을', '##사라오름산정호수']",제주특별자치도 서귀포시 남원읍 신례리 산 2-1, 남원읍 
148,사라오름,자연,한라산 성판악코스를 오르는 이유중 하나는 사라오름 때문이다. 태풍이 지나가고 난 후 물찬사라오름 산정호수가 기대되었던 바 백록담찍고 내려오던중 사라오름에 올랐다. 물찬산정호수를 보는순간 탄성이 절로 나왔다. 데크위 차가운 물에 발을 담그는 순간 힘듦은 사라져버렸다 호수에 비친 사라오름의 모습 또한 장관중 장관 또 이런 사라오름을 만날수 있을까? 이번제주여행의 최고는 물찬사라오름 산정호수였다,"['##제주여행 #성판악 #사라오름 #산정호수', '##제주가을', '##사라오름산정호수']",제주특별자치도 서귀포시 남원읍 신례리 산 2-1, 남원읍 
149,5.16도로숲터널,자연,#가을가을한제주#5.16도로숲터널,"['#가을가을한제주', '#5']",제주특별자치도 서귀포시 남원읍 신례리 산 2-1, 남원읍 
150,5.16도로숲터널,자연,#가을가을한제주#5.16도로숲터널,"['#가을가을한제주', '#5']",제주특별자치도 서귀포시 남원읍 신례리 산 2-1, 남원읍 
151,위미리 동백나무군락,자연,#제주동백 #겨울여행 #제주여행#좋은날씨,"['#제주동백', '#겨울여행', '#제주여행', '#좋은날씨']",제주특별자치도 서귀포시 남원읍 위미리 903-1, 남원읍 
152,위미리 동백나무군락,자연,#제주동백 #겨울여행 #제주여행#좋은날씨,"['#제주동백', '#겨울여행', '#제주여행', '#좋은날씨']",제주특별자치도 서귀포시 남원읍 위미리 903-1, 남원읍 
153,종달리수국길,자연,6월 제주는 온통 꽃밭~ 꽃섬제주 #6월제주가볼만한곳 #종달리해변 #종달리수국길 #제주수국축제 #제주메밀꽃밭 #제주여행,"['##6월제주도가볼만한곳', '##종달리수국길', '##제주수국축제']",제주특별자치도 서귀포시 남원읍 위미리 903-1, 남원읍 
154,종달리수국길,자연,6월 제주는 온통 꽃밭~ 꽃섬제주 #6월제주가볼만한곳 #종달리해변 #종달리수국길 #제주수국축제 #제주메밀꽃밭 #제주여행,"['##6월제주도가볼만한곳', '##종달리수국길', '##제주수국축제']",제주특별자치도 서귀포시 남원읍 위미리 903-1, 남원읍 
155,붉은오름 자연휴양림,자연,"제주에 살면서도 60평생 처음접한 붉은오름 왜 이제야 왔을까 하는 생각이 뇌리를 스쳤다. 쾌적한 숲길과 새소리 바람소리 사슴이 노니는 정겨운 자연을 만끽하며 힐링의 시간을 보낼수 있었다. 불은오름 탐방코스중 해맞이 숲길의 시점과 종점의 출입구 사이는 불과 10미터정도다. 그렇다면 요즘 코로나19로 인한 비대면운동이 한창인데 기왕이면 한쪽방향으로 탐방을 하면 좋지않을까 하는 생각도 들었다. 예를들어 종점출입구에는 ""이곳은 출구입니다 비대면을 위하여 우측 10미터 시점에서 들어가 주십시요""라는 팻말이 있었으면하는 바램입니다. 구경 잘 하였습니다. 보수림 올림","['#여름', '#걷기', '#가족']",제주특별자치도 서귀포시 표선면 가시리 산 158, 표선면 
156,붉은오름 자연휴양림,자연,"제주에 살면서도 60평생 처음접한 붉은오름 왜 이제야 왔을까 하는 생각이 뇌리를 스쳤다. 쾌적한 숲길과 새소리 바람소리 사슴이 노니는 정겨운 자연을 만끽하며 힐링의 시간을 보낼수 있었다. 불은오름 탐방코스중 해맞이 숲길의 시점과 종점의 출입구 사이는 불과 10미터정도다. 그렇다면 요즘 코로나19로 인한 비대면운동이 한창인데 기왕이면 한쪽방향으로 탐방을 하면 좋지않을까 하는 생각도 들었다. 예를들어 종점출입구에는 ""이곳은 출구입니다 비대면을 위하여 우측 10미터 시점에서 들어가 주십시요""라는 팻말이 있었으면하는 바램입니다. 구경 잘 하였습니다. 보수림 올림","['#여름', '#걷기', '#가족']",제주특별자치도 서귀포시 표선면 가시리 산 158, 표선면 
157,붉은오름(표선면),자연,"제주에 살면서도 60평생 처음접한 붉은오름 왜 이제야 왔을까 하는 생각이 뇌리를 스쳤다. 쾌적한 숲길과 새소리 바람소리 사슴이 노니는 정겨운 자연을 만끽하며 힐링의 시간을 보낼수 있었다. 불은오름 탐방코스중 해맞이 숲길의 시점과 종점의 출입구 사이는 불과 10미터정도다. 그렇다면 요즘 코로나19로 인한 비대면운동이 한창인데 기왕이면 한쪽방향으로 탐방을 하면 좋지않을까 하는 생각도 들었다. 예를들어 종점출입구에는 ""이곳은 출구입니다 비대면을 위하여 우측 10미터 시점에서 들어가 주십시요""라는 팻말이 있었으면하는 바램입니다. 구경 잘 하였습니다. 보수림 올림","['#여름', '#가족여행', '#가족']",제주특별자치도 서귀포시 표선면 가시리 산 158, 표선면 
158,붉은오름(표선면),자연,"제주에 살면서도 60평생 처음접한 붉은오름 왜 이제야 왔을까 하는 생각이 뇌리를 스쳤다. 쾌적한 숲길과 새소리 바람소리 사슴이 노니는 정겨운 자연을 만끽하며 힐링의 시간을 보낼수 있었다. 불은오름 탐방코스중 해맞이 숲길의 시점과 종점의 출입구 사이는 불과 10미터정도다. 그렇다면 요즘 코로나19로 인한 비대면운동이 한창인데 기왕이면 한쪽방향으로 탐방을 하면 좋지않을까 하는 생각도 들었다. 예를들어 종점출입구에는 ""이곳은 출구입니다 비대면을 위하여 우측 10미터 시점에서 들어가 주십시요""라는 팻말이 있었으면하는 바램입니다. 구경 잘 하였습니다. 보수림 올림","['#여름', '#가족여행', '#가족']",제주특별자치도 서귀포시 표선면 가시리 산 158, 표선면 
159,물영아리오름,자연,"#물영아리로름 #오름 #늑대소년촬영지,","['#물영아리로름', '#오름', '#늑대소년촬영지']",제주특별자치도 서귀포시 남원읍 수망리 189, 남원읍 
160,수월봉,자연,수월봉에서 바라본 차귀도의 낙조입니다. 낮게 깔린 한뭉치의 구름 사이로 태양이 사그라져 가는 모습이 정말 장관이었습니다!,"['#수월봉', '#차귀도', '#낙조']",제주특별자치도 제주시 한경면 고산리 3760, 한경면 
161,정물오름,자연,가족과 함께한 제주여행..정물오름에서 제주를보다,"['#제주컬러어택', '#제주', '#정물오름']",제주특별자치도 제주시 한림읍 금악리 산 52-5, 한림읍 
162,종달리해안도로,자연,#제주가을 #제주 가을 #종달리해안도로 #갈대숲 #제주바다,"['#제주가을', '#제주', '#종달리해안도로', '#갈대숲', '#제주바다']",제주특별자치도 제주시 구좌읍 종달리 630-1, 구좌읍 
163,제주곶자왈도립공원,자연,제주 곶자왈 도립공원에서 찍었습니다~ 즐거운 산책,"['#제주컬러어택', '#제주곶자왈도립공원', '#산책']",제주특별자치도 서귀포시 대정읍 보성리 산 1, 대정읍 
164,교래자연휴양림,자연,교래자연휴양림 캠핑장에 안개가 끼면...??,"['#제주가을', '#교래자연휴양림', '#낭만부부']",제주특별자치도 제주시 조천읍 교래리 산 95, 조천읍 
165,금악오름(왕매),자연,가족여행으로 갔던 제주 제주 갈 때마다 오름 한두개씩 오르는데 올라가는 길도 좋고 경치도 너무 좋았던 금악오름,"['##금악오름', '##금오름', '##제주가을', '##제주도']",제주특별자치도 제주시 한림읍 금악리 산 1-1, 한림읍 
166,연화못,자연,#여름 #연화못 #연꽃 #애월,"['#여름', '#연화못', '#연꽃', '#애월']",제주특별자치도 제주시 애월읍 고하상로, 애월읍 
167,판포포구,자연,제주도민인데요 판포포구 물놀이 갔다가 포구앞 구명조끼 튜브빌러주는곳에 갔다가 기분이 별로네요. 아이들 태워 줄려고 집에 있는 물놀이용 보트 가져가서 바람 넣어줄수 있냐고 물어봤는데 5천원 달래요ㅡㅡ^ 차량용 펌프가 오래걸려서 넣을까 했는데.. 이래서 제주도 물가가 비싸다고 하겠죠? 도민이 이렇게 느끼는데 관광객들이 제주도 비싸다하는 이유가 이런것들이죠~,"['#여름', '#가족', '##판포포구 바가지']",제주특별자치도 제주시 한경면 판포리 2877-3, 한경면 
168,구엄리돌염전,자연,일정이 늦어져 무작정 빛내림만 쫓아 다닌 날..,"['#제주컬러어택', '#', '#구엄리돌염전', '#', '#구엄리', '#', '#대한민국구석구석', '#']",제주특별자치도 제주시 애월읍 구엄리 609-1, 애월읍 
169,물찻오름,자연,비오는날 물찻오름에 올랐어요~ 비가 많이 오면 위험하지만 오를수 있는 정도여서 운좋게 오를수 있었어요~ 올라가기에 어렵지 않고 약 20분이면 정상까지 올라가네요 ~~ :) 1년에 한번만 개방하는 물찻오름 다녀오세요!,"['#물찻오름', '#에코힐링기간', '#제주도']",제주특별자치도 제주시 조천읍 교래길, 조천읍 
170,세화해안도로,자연,#가을제주#월정리해안도로#제주노을,"['#가을제주', '#월정리해안도로', '#제주노을']",제주특별자치도 제주시 구좌읍 구좌로, 구좌읍 
171,위미항,자연,#2018제주올레축제#외국인과함께걷는제주올레길,"['#2018제주올레축제', '#외국인과함께걷는제주올레길']",제주특별자치도 서귀포시 남원읍 위미리 1757-12, 남원읍 
172,조천함덕해안도로,자연,주말에 혼자 산책 나갔다 발견한 곳 지도에도 나오지 않는 곳!,"['#조천', '#대섬마을', '#양귀비']",제주특별자치도 제주시 조천읍 조천리 3462, 조천읍 
173,큰노꼬메오름,자연,큰노꼬메오름의 가을 풍경이다,"['#제주가을', '#큰노꼬메오름', '#가을', '#오름']",제주특별자치도 제주시 애월읍 유수암리 산 138, 애월읍 
174,신창풍차해안도로,자연,즐거운여행,"['#제주컬러어택', '#제주', '#신창해안도로']",제주특별자치도 제주시 한경면 신창리 1322-1, 한경면 
175,오조포구,자연,"조용히 나만의 공간에 선듯, 여유롭게 노을을 감상할 수 있는 곳.",[],제주특별자치도 서귀포시 성산읍 오조리, 성산읍 
176,오조포구,자연,"조용히 나만의 공간에 선듯, 여유롭게 노을을 감상할 수 있는 곳.",[],제주특별자치도 서귀포시 성산읍 오조리, 성산읍 
177,성산오조리해안,자연,"아이와함께한 제주여행^^
하귤이 많이 열렸네요~~",[],제주특별자치도 서귀포시 성산읍 오조리, 성산읍 
178,성산오조리해안,자연,"아이와함께한 제주여행^^
하귤이 많이 열렸네요~~",[],제주특별자치도 서귀포시 성산읍 오조리, 성산읍 
179,톨칸이,자연,"우도봉의 동쪽에 검멀레해변이 있다면 서쪽에는 톨카니가 있다고 말할 수있다.
검은 바위들과 푸른하늘바다가 매우 강렬하게 전달되는 아름다운 곳이다. 이곳에 바라보는 일출봉도 대단하다.
#톨카니 #우도 #톨카니해변","['#톨카니', '#우도', '#톨카니해변']",제주특별자치도 제주시 우도면 연평리 1732-1, 우도면 
180,톨칸이,자연,"우도봉의 동쪽에 검멀레해변이 있다면 서쪽에는 톨카니가 있다고 말할 수있다.
검은 바위들과 푸른하늘바다가 매우 강렬하게 전달되는 아름다운 곳이다. 이곳에 바라보는 일출봉도 대단하다.
#톨카니 #우도 #톨카니해변","['#톨카니', '#우도', '#톨카니해변']",제주특별자치도 제주시 우도면 연평리 1732-1, 우도면 
181,한림항,자연,"#한림항
#올레길15-B코스","['#한림항', '#올레길15']",제주특별자치도 제주시 우도면 연평리 1732-1, 한림읍 
182,한림항,자연,"#한림항
#올레길15-B코스","['#한림항', '#올레길15']",제주특별자치도 제주시 우도면 연평리 1732-1, 한림읍 
183,고내리포구,자연,"하루종일 흐렸던 날씨, 창밖을보자 마음이 탁 트였습니다
#애월 의 해안도로는 바다보다 매우 높았습니다
해와 화창한 하늘이 마치 구름을 찢고나오는 장면같았습니다
감동적이었던 #제주도 의 바다 그리고 맑고 투명했던 바다
남자친구와 밝은 해와 맑은 해를보고 우린 여전히 사랑해랍니다~ ^♡^","['#애월', '#제주도']",제주특별자치도 제주시 애월읍 고내리, 애월읍 
184,신창리포구,자연,물이 에메랄드 빛이 에요. 걷기만 해도 좋은 곳이에요~ 가족들과 친구들과 다시한번 가고 싶은 곳이에요! 아무생각없이 걷다보면 스트레스가 다 날아가는거같아요 >_,"['#풍차', '#신창리', '#힐링', '#자연']",제주특별자치도 제주시 한경면 신창리, 한경면 
185,영주산,자연,"#영주산오름 #소들이쉬는들판 #그림같은_새벽을_볼_수_있는곳
풀밭에서 쉬는 소를 바로 옆에두고 했던 아침산책","['#영주산오름', '#소들이쉬는들판', '#그림같은']",제주특별자치도 서귀포시 표선면 번영로, 표선면 
186,화순금모래해수욕장,자연,"화순에 자장면 먹으러 갔다가
저녁노을 바다가 너무 이뻐서
나두 모르게 핸펀 카메라로 찰칵찰칵~~*",[],제주특별자치도 서귀포시 안덕면 화순리 776-7, 안덕면 
187,곶자왈,자연,"진정한 제주의 곶자왈을 체험할 수 있는 곳.
특히, 문도지오름을 지나 오설록에 이르는 구간은 신비의 비경이다.",[],제주특별자치도 서귀포시 대정읍 신평리, 대정읍 
188,안돌오름,자연,#산과오름 #안돌오름 #밧돌오름,"['#산과오름', '#안돌오름', '#밧돌오름']",제주특별자치도 제주시 구좌읍 송당리 산 66-2, 구좌읍 
189,종달리해변,자연,"지난 겨울에 갔었는데 그렇게 많이 알려지지 않은 곳이라 사람이 많지 않고 조용해서 좋았습니다. 북적대는 곳을 좋아하지 않고 운치있는 곳에서 조용히 생각을 정리하는 여행을 즐기고 싶은 분들에게 추천해드리고 싶어요. 특히, 겨울에 혼자 여행하기 좋은 곳이라고 생각합니다. 조용한 곳이지만, 여행자를 위한 게스트하우스나 식당 같 은 곳은 곳곳에 있어서 불편한 점도 없었습니다.",[],제주특별자치도 제주시 구좌읍 종달리 565-72, 구좌읍 
190,천아숲길 천아계곡,자연,#제주가을 #천아숲길천아계곡,"['#제주가을', '#천아숲길천아계곡']",제주특별자치도 제주시 애월읍 봉성리 산 1, 애월읍 
191,청수곶자왈,자연,2018년 8월에 다녀왔습니다. 당시 8월엔 반딧불을 못 본다고 해서 그냥 곳자왈만 탐방하고 왔습니다. 근처에 반딧불 탐방을 관리하는 건물이 있는데 그곳 전화번호를 찾아보시고 예약하고 가시면 될것 같아요. 저는 무턱대고 그냥 찾아갔었어요. 사람들이 많이 안오는 곶자왈이라 조용하고 좋았습니다.,"['#여름', '#걷기', '#가족', '#친구', '#혼자']",제주특별자치도 제주시 한경면 청수리 1571, 한경면 
192,해맞이해안로,도보,#제주가을 제주도 해안도로 3박4일 자전거일주 바다가 넘이뻐요ㅎㅎ,['#제주가을'],제주특별자치도 제주시 구좌읍 김녕리, 구좌읍 
193,해맞이해안로,도보,#제주가을 제주도 해안도로 3박4일 자전거일주 바다가 넘이뻐요ㅎㅎ,['#제주가을'],제주특별자치도 제주시 구좌읍 김녕리, 구좌읍 
194,민오름(구좌읍),자연,민오름 가는 숲길은 너무 멋있지만 화요일 목요일 오후2~4시만 개장하고 요즘민오름 정상은 억새와잡풀 이 무성하다,[],제주특별자치도 제주시 구좌읍 송당리 산 155, 구좌읍 
195,이승이오름(이승악),자연,"#나미송, 이승악에서..

또 언젠가 다른 한 때,
또 다른 한 때의 인연들과
겨울산 하얀길을 걷게 되겠지
이승의 인연으로..",['#나미송'],제주특별자치도 서귀포시 남원읍 신례리 산2-1, 남원읍 
196,"저지오름(닥몰오름,새오름)",자연,놀라운 제주풍경,"['#제주가을', '#올레', '#저지오름']",제주특별자치도 제주시 한경면 저지리 산 51, 한경면 
197,협재굴(한림공원),자연,가족들과 함께 한림공원 여행,"['#제주컬러어텍', '#한림공원', '#푸른자연색']",제주특별자치도 제주시 한림읍 협재리 2487, 한림읍 
198,협재굴(한림공원),자연,가족들과 함께 한림공원 여행,"['#제주컬러어텍', '#한림공원', '#푸른자연색']",제주특별자치도 제주시 한림읍 협재리 2487, 한림읍 
199,쌍용굴(한림공원),자연,#쌍용굴(한림공원) #한림공원,"['#쌍용굴', '#한림공원']",제주특별자치도 제주시 한림읍 협재리 2487, 한림읍 
200,쌍용굴(한림공원),자연,#쌍용굴(한림공원) #한림공원,"['#쌍용굴', '#한림공원']",제주특별자치도 제주시 한림읍 협재리 2487, 한림읍 
201,화순곶자왈생태탐방숲길,자연,#화순곶자왈생태탐방숲길 #화순곶자왈 #곶자왈 #산방산,"['#화순곶자왈생태탐방숲길', '#화순곶자왈', '#곶자왈', '#산방산']",제주특별자치도 서귀포시 안덕면 화순리 2045, 안덕면 
202,화순리 유채꽃길,자연,#봄 #제주봄 #유채꽃 #제주유체꽃 #산방산 #노오란밭,"['#봄', '#제주봄', '#유채꽃', '#제주유체꽃', '#산방산', '#노오란밭']",제주특별자치도 서귀포시 안덕면 화순리 1230-4, 안덕면 
203,구좌해안로,자연,아름다운 김녕항과 목지섬 사이... 안녕김녕sea,[],제주특별자치도 제주시 구좌읍 구좌해안로, 구좌읍 
204,두산봉(말미오름),자연,겨울즈음에 제주에 오시는 분들 꼭 방문해보세요. 동부권에 있는 오름 중 거의 유일하게 일출각이 맞는 곳 입니다.,"['#제주컬러어택', '#', '#두산봉', '#', '#말미오름', '#']",제주특별자치도 서귀포시 성산읍 시흥리 산 1-5, 성산읍 
205,빌레못동굴,자연,"아름답고, 진귀한 동굴에 이토록 아픈 과거가 있었다니... 아... 어른, 아이 할 것 없이 29명이 희생을 당했던 이 장소가 아름다운 자연경관과는 대조적으로 아프게 느껴집니다. 동굴에 숨어 언제 발각될지 모를 그 두려움과 배고픔에 얼마나 힘들었을까요.. 상상조차 하기 힘듭니다. 빌레못동굴에서의 하루하루가 매우 지옥같았을 것을.... 앞으로는 더이상 이런 말도안되는 역사는 없어야겠습니다. 숭고한 희생에 묵념을 올립니다. #제주4.3 #빌레못동굴",[],제주특별자치도 제주시 애월읍 어음리 1391, 애월읍 
206,싱계물 공원,자연,"빼어난 해안경관이지만 찾는 사람이 드문 곳이다.
#싱계물공원",['#싱계물공원'],제주 제주시 한경면 신창리 1322-1, 한경면 
207,엉알해안,자연,#엉알해안 #엉알해안산책로 #일몰조망지,"['#엉알해안', '#엉알해안산책로', '#일몰조망지']",제주특별자치도 제주시 한경면 고산리 3427-33, 한경면 
208,엉알해안산책로,자연,#엉알해안산책로 #엉알해변,"['#엉알해안산책로', '#엉알해변']",제주특별자치도 제주시 한경면 고락로, 한경면 
209,장전리 벚꽃축제길,자연,"#제주가을
작년 봄에 갔던 장전리 벚꽃축제입니다. 낮에도 예쁘지만 밤엔 더 예쁜 곳이예요.",['#제주가을'],제주특별자치도 제주시 애월읍 장전리 628-3, 애월읍 
210,장전리 벚꽃축제길,자연,"#제주가을
작년 봄에 갔던 장전리 벚꽃축제입니다. 낮에도 예쁘지만 밤엔 더 예쁜 곳이예요.",['#제주가을'],제주특별자치도 제주시 애월읍 장전리 628-3, 애월읍 
211,전망대(종달리),자연,"작지만 아름다웠던 종달리해안도로와 종달리전망대에서 만난 제주봄바다와 제주봄들꽃
#종달리전망대",['#종달리전망대'],제주특별자치도 제주시 애월읍 장전리 628-3, 구좌읍 
212,전망대(종달리),자연,"작지만 아름다웠던 종달리해안도로와 종달리전망대에서 만난 제주봄바다와 제주봄들꽃
#종달리전망대",['#종달리전망대'],제주특별자치도 제주시 애월읍 장전리 628-3, 구좌읍 
213,조함해안도로,자연,"제주도사람인 남자친구의 안내로 조천에서 함덕해수욕장을 가는 해안도로에서 풍경이 너무좋아
차를 멈추고 한참 풍경감상을 했습니다 주민분들만 계셔서 조용히 구경할수있어서 더좋았어요",[],제주특별자치도 제주시 조천읍 조천리 3037-3, 조천읍 
214,큰사슴이오름,자연,"#제주 #큰사슴이오름 #가을제주 #억새 #졸븐갑마장길

큰사슴이오름에 올라 잣성을 거쳐 따라비오름까지 걷고 또 걷는 #졸븐갑마장길
가을제주를 제대로 느낄 수 있는 억새천지~ 바람따라 걷는 길!!
아름다운 제주를 오감으로 느껴보시길 추천합니다","['#제주', '#큰사슴이오름', '#가을제주', '#억새', '#졸븐갑마장길', '#졸븐갑마장길']",제주특별자치도 서귀포시 표선면 중산간동로, 표선면 
215,형제해안도로,자연,"사계리에서 송악산으로 이어지는 아름다운 해안도로로 올레 10코스가 지나가고
드라이브코스로도 아주 좋다.

#산방산 #형제섬 #형제해안도로 #송악산 #드라이브코스","['#산방산', '#형제섬', '#형제해안도로', '#송악산', '#드라이브코스']",제주특별자치도 서귀포시 대정읍 상모리 1649-1, 대정읍 
216,거슨새미오름,자연,비가 와서 오름 입구조차 찾기 힘들었고 쌍둥이형과 헤맸지만 어려움속에서 만난 거슨새미오름은 내가 마치 판타지 소설에 나오는 인물이 되어 환상속을 떠돌아 다니는 느낌이었습니다. 비가 세차게 오다가 그친 후라 더 고요한 숲같은 느낌으로 저에게 다가왔습니다. 약간은 쓸쓸한 느낌이 있었지만 그래도 더 기억이 많이 남는 제주의 거슨새미오름이었습니다. 저는 오름에 맑은 날 보다는 비가 적당히 내리는 날 다시 또 방문해보고 싶어요. 거슨새미오름은 저에게 또 다른 경험을 꿈꾸게 하는 내 인생 첫번째 오름입니다.,"['#제주가을', '#거슨새미', '#신선놀음']",제주특별자치도 제주시 구좌읍 송당리 산 145, 구좌읍 
217,높은오름,자연,#산과오름 #높은오름,"['#산과오름', '#높은오름']",제주특별자치도 제주시 구좌읍 송당리 산 213-1, 구좌읍 
218,단산(바굼지오름),자연,친구와 함께 올랐던 제주 단산! 경사가 가파른 구간이 있어 힘들었지만 정상에서 보는 사각형 모양의 밭들과 풍경은 ????,"['#제주', '#단산', '#바굼지오름']",제주특별자치도 서귀포시 안덕면 향교로 165-23, 안덕면 
219,동거문이오름,자연,#동거문이오름,['#동거문이오름'],제주특별자치도 제주시 구좌읍 종달리 산 70, 구좌읍 
220,동거문이오름,자연,#동거문이오름,['#동거문이오름'],제주특별자치도 제주시 구좌읍 종달리 산 70, 구좌읍 
221,동검은이오름(거미오름),자연,"제주의 숨은 관광지이자 경관이 매우 빼어난 오름이다.
가을이면 수십가지 꽃들이 피어나서 소소한 아름다움까지 포함한 멋찐곳이다.
오름 대부분이 초지여서 시아가 가리는 곳이 거이 없다.!
#동검은오름 #동검은이오름 #거미오름 #숨은비경","['#동검은오름', '#동검은이오름', '#거미오름', '#숨은비경']",제주특별자치도 제주시 구좌읍 종달리 산 70, 구좌읍 
222,동검은이오름(거미오름),자연,"제주의 숨은 관광지이자 경관이 매우 빼어난 오름이다.
가을이면 수십가지 꽃들이 피어나서 소소한 아름다움까지 포함한 멋찐곳이다.
오름 대부분이 초지여서 시아가 가리는 곳이 거이 없다.!
#동검은오름 #동검은이오름 #거미오름 #숨은비경","['#동검은오름', '#동검은이오름', '#거미오름', '#숨은비경']",제주특별자치도 제주시 구좌읍 종달리 산 70, 구좌읍 
223,월정리해안도로,자연,제주를 방문한 관광객이라면 월정리 해변은 꼭 가보셔야 합니다! 에메랄드 빛 바다가 아주 아름다운 월정리 해변근처에는 맛집과 예쁜 카페들도 많아요 !,"['#제주도', '#월정리해변', '#월정리']",제주특별자치도 제주시 구좌읍 월정리 652-4, 구좌읍 
224,자구네포구,자연,가치있는 목적에 충실할 것.,[],제주특별자치도 제주시 한경면 고산리, 한경면 
225,하도리 철새도래지,자연,#하도리 #비젠빌리지 #철새도래지 #낭만스냅 #하도리스냅 #정성우 #메멘토 #제주도버스킹 #커플스냅 #하도리사진관 #제주도여행,"['#하도리', '#비젠빌리지', '#철새도래지', '#낭만스냅', '#하도리스냅', '#정성우', '#메멘토', '#제주도버스킹', '#커플스냅', '#하도리사진관', '#제주도여행']",제주특별자치도 제주시 구좌읍 하도리 53-2, 구좌읍 
226,협재포구,자연,"제주에서 제일 핫한 관광지, 유명한 맛집 검색 이런 것들 말고도 우리가 할 수 있는 것들은 얼마든지 많다.

#여름 #제주 #제주서쪽 #협재 #협재포구","['#여름', '#제주', '#제주서쪽', '#협재', '#협재포구']",제주특별자치도 제주시 한림읍 협재리, 한림읍 
227,고산일과해안도로,자연,#고산일과해안도로 #해안도로 #드라이브코스,"['#고산일과해안도로', '#해안도로', '#드라이브코스']",제주특별자치도 서귀포시 대정읍 영락리 2169, 대정읍 
228,노을해안로,자연,#대정읍노을해안로 #노을해안로 #풍경좋은곳 #대정읍 #드라이브코스,"['#대정읍노을해안로', '#노을해안로', '#풍경좋은곳', '#대정읍', '#드라이브코스']",제주특별자치도 서귀포시 대정읍 일과리 1424-1, 대정읍 
229,당오름,자연,#제주가을 #오름 #당오름,"['#제주가을', '#오름', '#당오름']",제주특별자치도 제주시 구좌읍 송당리 산 199-1, 구좌읍 
230,당오름(한경면),자연,"제주 올레12 코스를 따라 걷다보면 작은 당산봉이 나온다. 산길을 따라 계속 깊이 들어가면 등산로, 해변쪽을 따라 걸으면 생이기정바당길이다. 이 길을 따라 걸으면 차귀도의 모습을 부채꼴로 돌아가며 감상할 수 있는데 그 절경이 보아도 보아도 질리지 않는다. 새들이 절벽에 모여있다가 똥을 누어 생긴 하얀 무늬가 보인다는데 그거 찾아보는 것도 묘미!",[],제주특별자치도 제주시 한경면 용수리 산 18, 한경면 
231,"대수산봉(큰물뫼,물미오름)",자연,"가족들과 함께 한 첫 제주여행!!!! 넘 행복했던...
추억이 되었네요!!!!! 제주는 역시 사랑입니다...^^",[],제주특별자치도 서귀포시 성산읍 고성리 2040-1, 성산읍 
232,대정해변(하모해변),자연,소나무 그늘이래에서 무료 캠핑이 가능한 하모해수욕장 백사장이 있어 해수욕도 가능하고 겨울엔 방어로 유명한 모슬포항도 근처에 있음,"['#모슬포항', '#방어회', '#하모해수욕장', '#무료캠핑장']",제주특별자치도 서귀포시 대정읍 하모리, 대정읍 
233,둔지봉,자연,#산과오름 #둔지봉에서,"['#산과오름', '#둔지봉']",제주특별자치도 제주시 구좌읍 한동리 산 40, 구좌읍 
234,모구리오름,자연,"모구리 오름은 말굽형 모양의 오름이다.
모구리 오름 내부에는 작은 알오름이 있는 이중구조의 오름으로 높이가 높지 않아서 누구나 쉽게 찾을 수 있다.
분화구 내부는 바람이 거의 불지 않고 삼나무가 많아서 겨울철에서 힐링하기 좋은 곳이다.
#모구리오름 #삼나무숲 #삼나무길","['#모구리오름', '#삼나무숲', '#삼나무길']",제주특별자치도 서귀포시 성산읍 난산리 2971, 성산읍 
235,모지오름,자연,#산과오름 #모지오름,"['#산과오름', '#모지오름']",제주특별자치도 서귀포시 표선면 성읍리 산 22, 표선면 
236,민오름(조천읍),자연,#제주밭담 #밭담 #제주도,"['#제주밭담', '#밭담', '#제주도']",제주특별자치도 제주시 조천읍 선흘리 산 141, 조천읍 
237,방림원,자연,수목 난 등을 좋아하는 울 엄마는 제주 3박 일정 중 제일 좋다고 한 곳 난 그쪽엔 무지한지라 그게 좋은 건지 모르겠지만 입장료도 조금 쎄요,"['#여름', '#애인', '#가족']",제주특별자치도  제주시 한경면 용금로 864, 한경면 
238,성산포항,자연,"#성산포항
#드라마촬영지
#김하늘
#숨은명소
#공항가는길
우연히 드라마 주인공 집이라고 했던 곳이었는데
가보니 너무 좋았던곳","['#성산포항', '#드라마촬영지', '#김하늘', '#숨은명소', '#공항가는길']",서귀포시 성산읍 성산리 347-9, 성산읍 
239,알진오름(안친오름),자연,#제주가을#알진오름#안친오름 당근밭?,"['#제주가을', '#알진오름', '#안친오름']",제주특별자치도 제주시 구좌읍 송당리 880-1, 구좌읍 
240,태흥포구,자연,"#6감만족 #방어맨손잡기체험 #제주도체험

올초에 제주도 여행와서 해돋이 보고 방어맨손잡기 체험을 했다~ 큼지막한 방어를 잡으면서 6감 만족하는 시간을 보냈다. 매년 하는 체험행사라고 하니 내년에 또 가봐야겠다~","['#6감만족', '#방어맨손잡기체험', '#제주도체험']",제주특별자치도 서귀포시 남원읍 태흥리, 남원읍 
241,개오름,자연,#산과오름 #개오름,"['#산과오름', '#개오름']",제주특별자치도 서귀포시 표선면 성읍리 2974, 표선면 
242,"고내봉(고내오름,고니오름,망오름)",자연,"#제주겨울 #애월 #고내봉 #고내리 #하루방
고내봉 가는길에서 만났던 하루방.
눈쌓인 모습이 생경하면서도 정겹던 제주의 하얀 겨울 이야기
정말 예뻤고 기억에 오래 오래 남아 있습니다","['#제주겨울', '#애월', '#고내봉', '#고내리', '#하루방']",제주특별자치도 제주시 애월읍 고내리 산 3-1, 애월읍 
243,금능포구,자연,"언제든 들러 마음껏 읽고 가세요
제주 길위에서 만난 꼬마책장

#여름 #제주 #제주서쪽 #금능","['#여름', '#제주', '#제주서쪽', '#금능']",제주특별자치도 제주시 한림읍 금능리, 한림읍 
244,납읍난대림 금산공원,자연,"#산과오름
버스타고 물어물어 찾아간곳.
동네안에 이런 신비스런곳이 있다니 놀랍다
이런곳을 바로옆에 둔 납읍초등학교 아이들이 부러울따름이다
금방이라도 타잔이 나올것같은..ㅎㅎ",['#산과오름'],제주특별자치도 제주시 애월읍 납읍리 14 57, 애월읍 
245,동일리포구,자연,#디스커버제주 를 통해 #야생돌고래를 봤습니다.,"['#디스커버제주', '#야생돌고래를']",제주특별자치도 서귀포시 대정읍 동일리, 대정읍 
246,돛오름,자연,"다음번 여행으로 오름 탐방을 계획하고 있는데, 제주에는 너무 에쁜 오름들이 많아요 ^-^! 돛오름도 꼭 한번 오르려구요~ 오름에 올라가서 주변을 둘러보면 정말 너~무 에뻐요!","['#오름', '#돛오름', '#오름탐방']",제주특별자치도 제주시 구좌읍 송당리 산 3, 구좌읍 
247,돛오름,자연,"다음번 여행으로 오름 탐방을 계획하고 있는데, 제주에는 너무 에쁜 오름들이 많아요 ^-^! 돛오름도 꼭 한번 오르려구요~ 오름에 올라가서 주변을 둘러보면 정말 너~무 에뻐요!","['#오름', '#돛오름', '#오름탐방']",제주특별자치도 제주시 구좌읍 송당리 산 3, 구좌읍 
248,돝오름(돗오름),자연,#산과오름 #돝오름 에서 보이는 #다랑쉬오름,"['#산과오름', '#돝오름', '#다랑쉬오름']",제주특별자치도 제주시 구좌읍 송당리 산 3, 구좌읍 
249,돝오름(돗오름),자연,#산과오름 #돝오름 에서 보이는 #다랑쉬오름,"['#산과오름', '#돝오름', '#다랑쉬오름']",제주특별자치도 제주시 구좌읍 송당리 산 3, 구좌읍 
250,뒤굽은이오름,자연,송당마을에는 18개의 오름이 있습니다. 올라가면 경치가 넘 좋아요^^,[],제주특별자치도 제주시 구좌읍 송당리 산 36, 구좌읍 
251,맬튼개 갯담,자연,"사진속 설명을 보고 알게된 친환경적 낚시법
멸치가 많이 잡힌다해서 맬튼개라 했다 적혀있다..",[],제주특별자치도 제주시 구좌읍 하도리 3314-2, 구좌읍 
252,머체왓숲길,자연,"시원한 가을 오후 머체왓 숲길을 걸었습니다. 사람들도 많이 없어 조용하게 걸을수 있고, 진짜 숲기을 걸을수 있는 머체왓 숲길 많이 이용해주세요~ #제주가을 #머체왓숲길","['#제주가을', '#숲길', '#오름', '#머체왓숲길']",제주특별자치도 서귀포시 남원읍 한남리 1622-3, 남원읍 
253,모슬봉 (모슬개오름),자연,모슬봉 정상에서본 산방산은 또다른 느낌이다.,"['##모슬봉정상', '##올레11코스', '##제주올레길']",제주특별자치도 서귀포시 대정읍 상모리 3540-2, 대정읍 
254,모진이몽돌해변,자연,"#제주 는 참 아름다운 #한라산 이라는 산의 화산활동에 의해 형성된 섬이다.
올해 두 번째 방문인데... 정말 올 때마다 새로운 듯 하다 ^^
#제주도 #사랑하는_제주도! #내년에_보자 ^^","['#제주', '#한라산', '#제주도', '#사랑하는', '#내년에']",제주특별자치도 제주시 추자면 신양리 56, 추자면 
255,묘산봉 (괴살메),자연,#산과오름 #묘산봉,"['#산과오름', '#묘산봉']",제주특별자치도 제주시 구좌읍 김녕리 2723, 구좌읍 
256,미천굴,자연,"#김녕 에는 #만장굴 #조천읍 에는 #미천굴
#런닝맨촬영장소 #일출랜드 에서 동굴구경까지 할 수 있더라구요.
#여름 에도 추운 #동굴 #모자 는 필수!","['#김녕', '#만장굴', '#조천읍', '#미천굴', '#런닝맨촬영장소', '#일출랜드', '#여름', '#동굴', '#모자']",제주특별자치도 서귀포시 성산읍 온평리 1010-1, 성산읍 
257,민속해안로,자연,"해비치,제주민속촌으로 가는 바닷길 도로입니다.",[],제주특별자치도 서귀포시 표선면 세화리 281-1, 표선면 
258,바늘오름,자연,#산과오름 #바농오름 #바늘오름 가는길에 하늘타리,"['#산과오름', '#바농오름', '#바늘오름']",제주특별자치도 제주시 조천읍 교래리 산 108, 조천읍 
259,북촌포구,자연,제주도에서 제일 재미있는 것이 낚시라는 형제들^^,[],제주특별자치도 제주시 조천읍 북촌리 588, 조천읍 
260,비치미오름,자연,#산과오름 #비치미오름,"['#산과오름', '#비치미오름']",제주특별자치도 제주시 구좌읍 송당리 산 255-1, 구좌읍 
261,산방산 수국,자연,산방산. 사계리 수국길,"['#산방산수국', '#사계리수국길', '#수국길']",제주특별자치도 서귀포시 안덕면 산방로, 안덕면 
262,산양곶자왈,자연,곶자왈 걷기,"['##제주가을', '#가을제주', '#곶자왈', '#제주풍경', '#걷기']",제주특별자치도 제주시 한경면 청수리 6, 한경면 
263,샤이니숲길,자연,마지막 제주공항가기전에 들린 샤이니 숲길 길 양옆으로 쭉 서있는 편백나무길이라 그냥찍어도 인생사진 사람도 많이 없어서 사진찍기 좋은곳,"['#5월엔제주', '#샤이니숲길', '#인생사진']",제주특별자치도 제주시 조천읍 교래리 719-10, 조천읍 
264,서광리 곶자왈생태탐방로,자연,서광리 곶자왈 생태탐방로,[],제주특별자치도 서귀포시 안덕면 서광리, 안덕면 
265,성불오름,자연,"오름을 등반 할때마다 나의 안경 너머로 바라보는 제주의 풍광은 언제나 상상을 초월하는 모습이다
한번 가 보았던 장소를 다른 계절 다른 마음으로 다시 찾으면 오름은 처음에 만났던 그 오름이 아닌 또다른 모습으로 나를 맞이해 주는것 같다
그래서 제주의 그많은 오름중에 같은 곳을 여러번 가도 늘 새롭다. 성불오름과 비치미오름 또한 인적이 많은 곳이 아니어서 오르는 내내 많이 헤매고 힘들었지만 정상에서 만난 그곳의 모습은 우리의 넋두리를 무색하게 만들었다.
수년간 계속되고 있는 나의 오름 짝사랑이 언제쯤 결실을 맺을지 모르지만 오늘도 나는 성불오름과 비치미오름에 나의 수줍은 사랑 고백을 깊~~~이 새기고 돌아왔다.",[],제주 제주시 구좌읍 중산간동로 2532, 구좌읍 
266,수산저수지,자연,뷰가멋진 펜션,[],제주특별자치도 제주시 애월읍 수산리 1, 애월읍 
267,신도포구,자연,#황금노을 #신도포구 #불타는노을 #제주도노을 #,"['#황금노을', '#신도포구', '#불타는노을', '#제주도노을']",제주특별자치도 서귀포시 대정읍 신도리, 대정읍 
268,애월 하물,자연,사랑하는 사람과,"['#가을', '#가족여행', '#가족']",제주특별자치도 제주시 애월읍 애월리 1727-4, 애월읍 
269,왕이메오름,자연,정말 운치있던 왕이메오름,[],제주특별자치도 서귀포시 안덕면 광평리 산 79, 안덕면 
270,원수악,자연,#비짓제주 #제주오름 #제주여행추천 #제주여행공유,"['#비짓제주', '#제주오름', '#제주여행추천', '#제주여행공유']",제주특별자치도 서귀포시 안덕면 동광리 산 41, 안덕면 
271,월령포구,자연,"월령리의 작은 포구
#월령포구",['#월령포구'],제주특별자치도 제주시 한림읍 월평리, 한림읍 
272,유건에오름,자연,#산과오름 #유건에오름 #유건이오름에서 보는 #우도,"['#산과오름', '#유건에오름', '#유건이오름', '#우도']",제주특별자치도 서귀포시 성산읍 난산리 2302, 성산읍 
273,절부암,자연,미지의 장소,"['#가을', '#힐링', '#가족']",제주특별자치도 제주시 한경면 용수리 4241-1, 한경면 
274,정주항,자연,#혼자여행#새로운사람들과의 만남#그리고 이야기,"['#혼자여행', '#새로운사람들과의', '#그리고']",제주특별자치도 제주시 조천읍 함덕리, 조천읍 
275,좌보미오름,자연,근처 백약이오름에 비해 덜 유명하지만 봉우리가 여러개로 이루어진 오름이다보니 내리막과 오르막길 인생으로 비유되는 오름(오르다 보면 더 그런 생각들이 남),[],제주특별자치도 서귀포시 표선면 성읍리 산 6, 표선면 
276,지그리오름 (큰지그리),자연,#교래자연휴양링 #큰지그리오름 #산과오름,"['#교래자연휴양링', '#큰지그리오름', '#산과오름']",제주특별자치도 제주시 조천읍 교래리 산 119, 조천읍 
277,큰바리메오름,자연,#산과오름#바리메오름,"['#산과오름', '#바리메오름']",제주특별자치도 제주시 애월읍 어음리 산 3, 애월읍 
278,통오름,자연,#제주풍경 #통오름 #짧은오름 #제주자연 #녹음,"['#제주풍경', '#통오름', '#짧은오름', '#제주자연', '#녹음']",제주특별자치도 서귀포시 성산읍 신산리 1754-1, 성산읍 
279,"판포오름 (널개오름, 板浦岳)",자연,판포에서 본 노을,[],제주특별자치도 제주시 한경면 판포리 934, 한경면 
280,행원육상양식단지,자연,35년 공직생활 무사히 정년퇴임하고 애들이 보내주어 집사람과 단둘이 간 제주여행. 9월 중순 제주는 날씨까지 너무 좋으네요. 비자림트레킹 마치고 세화숙소가면서 들린 행원풍력단지 바닷가. 하얀 포말 일으키는 바닷가에서 빨간 2층집을 배경으로 한 그림같은 장면은 지구상 최고의 비경. 거친 파도에도 아랑곳않고 해안에 핀 아름다운 야생화를 보며 여기 섬사람들을 닮았다고 생각했어요. 감탄사를 연발하는 집사람과 같이 한참 동안 바닷가를 거닐었어요.,"['#행원풍력발전단지바닷가', '#퇴직기념부부여행', '#해안가 빨간이층집', '#하얀포말과 야생화']",제주특별자치도 제주시 구좌읍 행원리 1-33, 구좌읍 
281,카멜리아힐,테마관광,기대가 됩니다,"['#여름', '#미식', '#친구']",제주 서귀포시 안덕면 병악로 166, 안덕면 
282,오설록티뮤지엄,테마관광,오설록티뮤지엄에서 초록을 모아보다,"['#제주컬러어택', '#오설록티뮤지엄', '#오설록', '#녹차', '#밭', '#초록', '#햇빛', '#추억', '#기억', '#만남']",제주특별자치도 서귀포시 안덕면 신화역사로 15, 안덕면 
283,에코랜드 테마파크,테마관광,8월에 가족들과 함께갔던 에코랜드~ 역마다 특색있고 잘 가꿔져 있어 동화속 같아서 내내 즐거웠어요! 핑크톤의 정원이 너무 아름다웠습니당♥,"['#에코랜드', '#제주컬러어택', '#기차', '#제주도', '#테마파크', '#컬러풀', '#에코랜드테마파크']",제주특별자치도 제주시 조천읍 번영로 1278-169, 조천읍 
284,아쿠아플라넷 제주,테마관광,제주아쿠아플라넷 다양한 물고기와 넓은 전시시설 공연도 재미있고 성산일출봉이 가까이서 보여서 경치가 끝내줍니다. 남녀노소 상관없이 꼭 구경가보세요. 만족스러운 일정이 될것같습니다. 푸른바다같은색을 지닌 제주의 최애명소,"['#제주컬러어택', '#제주아쿠아플라넷', '#성산일출봉']",제주특별자치도 서귀포시 성산읍 섭지코지로 95, 성산읍 
285,한림공원,테마관광,아이와 함께한 봄날의 공원~,"['#제주컬러어택', '#한림공원', '#아열대식물원']",제주특별자치도 제주시 한림읍 한림로 300, 한림읍 
286,제주김녕미로공원,테마관광,아이들을 위한 관광지,"['#가족여행', '#여름', '#체험', '#아이동반', '#힐링', '#여행']",제주특별자치도 제주시 구좌읍 만장굴길 122, 구좌읍 
287,휴애리 자연생활공원,테마관광,응 동물학대,"['#서귀포', '#노잼', '#동물학대']","제주특별자치도 서귀포시 남원읍 신례동로 256 (신례리, 휴애리)", 남원읍 
288,노리매공원,테마관광,"#제주가을
#노리매 공원
#결혼기념일 25주년
#가을여행
#포토죤
#산책코스
#귤밭","['#제주가을', '#노리매', '#결혼기념일', '#가을여행', '#포토죤', '#산책코스', '#귤밭']",제주특별자치도 서귀포시 대정읍 중산간서로 2260-15, 대정읍 
289,메이즈랜드,테마관광,재밌었던 메이즈랜드~ 아이와 함께하면 더 꿀잼입니다~,"['#제주컬러어택', '#메이즈랜드', '#방송에나온곳']",제주특별자치도 제주시 구좌읍 비자림로 2134-47, 구좌읍 
290,선녀와나무꾼,테마관광,뭔가 잡동사니가 많으나 그다지 볼만하진 않다,"['#부모님', '#가족', '#박물관']",제주특별자치도 제주시 조천읍 선교로 267, 조천읍 
291,제주돌문화공원,테마관광,최악!!!!! 해설이 있다고해서 인터넷으로 미리 예약하고 갔습니다. 당일 표 구매시에도 해설 1시간 해준다고 했구요. 막상 해설사분 오시더니 퇴근시간이라고 10분 하시고 가셨습니다. 이럴거면 애초에 그시간에 예약을 왜 받았으며 매표소에서 안내를 왜 그렇게 한건가요? 입장권도 다른데보다 비싸면서 볼것도 없고 진짜 짜증났습니다. 절물에서 더 여유롭게 봤어야하는데 해설때문에 바쁘게 왔더니.. 시간 뺏기고 기분 상하고 최악이에요,"['##제주도', '##돌문화공원', '##제주도해설#돌문화공원해설']",제주특별자치도 제주시 조천읍 남조로 2023, 조천읍 
292,제주유리의성,테마관광,"#제주가을 #유리의성
#가족여행 #가을하늘 #사랑
사랑이 샘솟는 가족여행을 하고 왔어요
제주도는 넘나 이쁜 도시에요 또 놀러갈게요~^^","['#제주가을', '#유리의성', '#가족여행', '#가을하늘', '#사랑']",제주특별자치도 제주시 한경면 녹차분재로 462, 한경면 
293,소인국테마파크,테마관광,즐거운 제주도 여행 ?? 신랑이랑 소인국테마파크 재밋게 다녀왔어요 ^^ #5월엔제주 #소인국테마파크 #제주도여행,"['#5월엔제주', '#소인국테마파크', '#제주도여행', '#국내여행', '#힐링여행', '#커플여행']",제주특별자치도 서귀포시 안덕면 중산간서로 1878, 안덕면 
294,렛츠런팜제주,테마관광,#제주가을 #일탈을꿈꾸며 #코스모스 #부산소녀 #여행,"['#제주가을', '#일탈을꿈꾸며', '#코스모스', '#부산소녀', '#여행']",제주특별자치도 제주시 조천읍 남조로 1660, 조천읍 
295,헬로키티아일랜드,테마관광,키티천국 제주도에 딸이 가고 싶어했던 이유~,"['#5월엔제주', '#헬로키티아일랜드', '#가족과함께']",제주특별자치도 서귀포시 안덕면 한창로 340, 안덕면 
296,본태박물관,테마관광,This museum was designed by renowned architect Ando Tadao.,"['##jeju', '#', '##globa_city_lab', '##myanmar']",제주특별자치도 서귀포시 안덕면 산록남로762번길 69, 안덕면 
297,세계자동차 & 피아노박물관,테마관광,비오는 자동차와 피아노관람 움치있는 제주도,"['#세계자동차박물관', '#비오는제주', '#제주도실내데이트']",제주특별자치도 서귀포시 안덕면 중산간서로 1610, 안덕면 
298,제주허브동산,테마관광,#허브동산 #야경 #제주,"['#제주', '#', '#허브동산', '#야경', '#족욕']",제주특별자치도 서귀포시 표선면 돈오름로 170, 표선면 
299,이니스프리제주하우스,테마관광,쇼핑하고 왔어요~,"['#쇼핑', '#이니스프리', '#제주']",제주특별자치도 서귀포시 안덕면 산화역사로 425, 안덕면 
300,코코몽 에코파크,테마관광,아이가 너무 좋아했던 코코몽파크,"['#코코멍파크', '#가족여행', '#제주여행']",제주특별자치도 서귀포시 남원읍 태위로 536, 남원읍 
301,해녀박물관,테마관광,생각보다 보고 느낄꺼리가 많았던 제주해녀박물관 꼭 전망대까지 올라가셔서 시원한 세화바다풍경도 보시고 오세요,"['#5월엔제주', '#제주해녀박물관', '#세화해변']",제주특별자치도 제주시 구좌읍 해녀박물관길 26, 구좌읍 
302,제주항공우주박물관,테마관광,어린 조카와 방문했는데 시간 가는 줄 몰랐습니다. 볼거리가 체험거리가 많아 정말 좋았습니다.,"['#가족여행', '#여름', '#체험']",제주특별자치도 서귀포시 안덕면 녹차분재로 218 항곡우주박물관, 안덕면 
303,일출랜드,테마관광,"제주 서쪽에 한림공원이 있다면 동쪽에는 일출랜드가 있다.
아열대 수목원과 민속촌, 용암동굴까지 쌍둥이 처럼 있다.

#일출랜드 #아열대식물원 #민속촌 #미천굴 #용암동굴","['#일출랜드', '#아열대식물원', '#민속촌', '#미천굴', '#용암동굴']",제주특별자치도 서귀포시 성산읍 중산간동로 4150-30, 성산읍 
304,제주공룡랜드,테마관광,가족과 함께 제주도여행,"['#제주컬러어택', '#제주공룡랜드', '#가족여행']",제주특별자치도 제주시 애월읍 광령평화2길 1, 애월읍 
305,동굴의 다원 다희연[리모델링중],테마관광,"#여름 #다희연 에서 짚라인으로 짜릿한 여름휴가 보냈어요
너무 좋은체험","['#여름', '#다희연']",제주특별자치도 제주시 조천읍 선교로 266 캐릭파크 내, 조천읍 
306,성산항,테마관광,"제주도 서귀포 쪽에 위치한 성산항에 가서 가을 바다 구경도 하고 왔습니다. 당시 9월에 방문했던지라 시원한 바다 바람과 함께해서 기분좋은 나들이가 될 수 있었습니다. 바다가 깨끗한 파란색이라 더할 나위 없이 좋아, 잊지못할 추억 중 하나랍니다^^~","['#제주가을', '#성산항', '#바다', '#바다구경', '#가을바다']",제주특별자치도 서귀포시 성산읍 성산등용로 129-21, 성산읍 
307,제주해양동물박물관,테마관광,#아이들이좋아하는곳 #다시오고싶은곳 #나만알고싶은곳 #제주필수코스 #제주아이와함께갈만한곳,"['#아이들이좋아하는곳', '#다시오고싶은곳', '#나만알고싶은곳', '#제주필수코스', '#제주아이와함께갈만한곳']",제주특별자치도 서귀포시 성산읍 서성일로 689-21, 성산읍 
308,제주베니스랜드,테마관광,#가족#베니스랜드,"['#가족', '#베니스랜드']",제주특별자치도 서귀포시 성산읍 난산리 2575, 성산읍 
309,제주커피박물관 바움 Baum,테마관광,#바움커피박물관 #여름,"['#바움커피박물관', '#여름']",제주특별자치도 서귀포시 성산읍 서성일로1168번길 89-17, 성산읍 
310,더마파크,테마관광,말 공연이 생각보다 멋있었음,"['#더마파크', '#더마파크 말', '#공연']",제주특별자치도 제주시 한림읍 월림7길 155, 한림읍 
311,점보빌리지,테마관광,"코끼리가 훈련을 받기위해 모진학대와 수모를 받습니다. 태국에서도 대대적인 코끼리보호사업이 벌어지고 있는데, 한국에 코끼리서커스가 있다는 사실에 너무 가슴이 아픕니다. 동물보호차원에서라도 제주도관광공사에서는 코끼리서커스를 되도록 제지하는 방안으로 행정지도를 해주시거나 상업적으로 이용되지 않도록 해주시기를 간곡히 요청드립니다. 아동들에게 교육적인 차원이라고 홍보할 수 있으나, 왜곡된 내용은 오히려 아이들에게 해가됩니다. 바람직한 교육은 자연과 사람이 공존하며 함께 살아가기 위해서 사람들이 생명에 대한 소중한 마음가짐을 알려주는 것입니다. 부디 동물을 상업ㆍ관광적인 대상으로 보지 말아주시기 바랍니다","['##코끼리서커스 #점보', '##코끼리', '##점보']",제주특별자치도 서귀포시 안덕면 평화로 319번길 31-11, 안덕면 
312,건강과성박물관,테마관광,왜 갔는지 모르겠음...,"['#성인', '#여인', '#친구']",제주특별자치도 서귀포시 안덕면 일주서로 1611, 안덕면 
313,렛츠런파크,테마관광,신나게 달리는 말도 구경하고 다양한 추억만드세요^^,"['#여름', '#체험', '#가족여행', '#가족', '#말구경', '#말', '#경마']",제주특별자치도 제주시 애월읍 평화로 2144, 애월읍 
314,제주센트럴파크,테마관광,"#여름 #제주미니랜드
제주 미니랜드에서의 신나는 체험여행의 추억입니다.
다양한 테마로 지루할 틈없이 흥미를 더했습니다.
세계 문화유산 미니어처 작품들을 한 자리에서 만나고
동화속 주인공과 공룡도 눈앞에서 반기니 얼마나 재밌어하던지...
여기는 제주 미니랜드랍니다. ^^","['#여름', '#제주미니랜드']",제주특별자치도 제주시 조천읍 비자림로 606, 조천읍 
315,금능석물원,테마관광,금능석물원은 주차비만 받고 입장료는 없는곳이다 그리 넓지 않아서 남녀노소 충분히 천천히 돌로만든 작품등을 구경할수있는곳이다 휠체어나 유모차도 충분히 갈수있는곳이다 아주 아주 작은 미니 민속촌 이라고나 할까 제주의 모습을 담아놓은 돌로 만는 것이 아기자기 하게 들 모여있다,[],제주특별자치도 제주시 한림읍 한림로 176, 한림읍 
316,테디베어사파리 테지움,테마관광,"신개념 오픈형 테디베어 테마파크 전문 회사 ㈜ 테지움은 대한민국의 아름다운 섬 제주에 이색 테디베어 테마파크를 운영하고 있는 테디베어 컨텐츠 전문 기업입니다. 테지움 제주의 정식 명칭인 ㈜ 테디베어 사파리는 2008년 제주 애월읍에 처음 개장하여, 제주에서 연간 100만명 이상 내,외국인이 가장 많이 찾는 신개념 테디베어 테마파크입니다. 제주도 내 (시설 관광지 및 박물관 포함) 1위를 자랑하는 기업으로, 한국 뿐만 아니라 해외 수많은 관람객이 찾아오는 10대 명소 중 하나입니다. 전 세계적으로 유명한 작가들의 테디베어와 일반적으로 보기 드문 실물 크기의 동물 인형을 직접 만지고 교감할 수 있는 세계 최초 오픈형 체험 전시 테마파크 로, 기존의 딱딱한 박물관의 이미지를 탈피하고, 오래도록 기억에 남을 수 있는 흥미로운 전시 공간을 지향합니다.","['#테디베어', '#제주가볼만한곳', '#애월가볼만한곳']",제주특별자치도 제주시 애월읍 평화로 2159, 애월읍 
317,그리스신화박물관 / 트릭아이미술관,테마관광,"#그리스신화박물관 #트릭아이미술관
그리스신화의 인물들과 그리스에 관해 알아가는 시간이였어요","['#그리스신화박물관', '#트릭아이미술관']",제주특별자치도 제주시 한림읍 광산로 942, 한림읍 
318,초콜릿박물관,테마관광,"제주가을
초코렛박물관",[],제주특별자치도 서귀포시 대정읍 일주서로3000번길 144, 대정읍 
319,신화테마파크,테마관광,조카들과 함께가기 좋습니다. 아직 어린아이를 위한 놀이터 공간도 있어서 쉬엄쉬엄 즐기기 좋아요! 다만 아직 어른들이 즐기기에는 스릴있는 기구가 좀 더 생겼음 좋겠어용,"['##제주여행 #테마파크 #주말 #가족', '##제주여행 #서귀포명소', '##아이와가기좋은곳 #놀이공원 #가족여행지']",서귀포시 안덕면 신화역사로304번길 98, 안덕면 
320,탐나라공화국(제주남이섬),테마관광,땅에서 파낸 제주의 돌과 흙으로 만든 조형물을 구경하고 너무너무 즐거운 시간을 보냈네요~,"['#제주컬러어택', '#제주탐나라공화국', '#자연의색']",제주특별자치도 제주시 한림읍 한창로 897, 한림읍 
321,로봇스퀘어,테마관광,"원래 체험형 놀이파크 이런거 별로 안좋아해서 별 기대 않했는데, 여긴 정말 가볼만 해요. 로봇도 로봇이지만 아이들이 IT기술이나 인공지능 등과 연계해서 상상의 나래를 펼칠수 있게 도와주는 놀이터 같아요. 어른들도 정신줄 놓고 즐길만한 게임도 있어서, 시간가는줄 모르고 어린이나 어른이나 재밌게 시간을 보낼수 있어요. 2층에는 바다가 보이는 피자집이 있어서 식사나 음료를 마실수 있어요. 아이들과 여행하는 엄빠들게 완전 추천합니다.",[],제주특별자치도 제주시 구좌읍 해맞이해안로 1032, 구좌읍 
322,로봇스퀘어,테마관광,"원래 체험형 놀이파크 이런거 별로 안좋아해서 별 기대 않했는데, 여긴 정말 가볼만 해요. 로봇도 로봇이지만 아이들이 IT기술이나 인공지능 등과 연계해서 상상의 나래를 펼칠수 있게 도와주는 놀이터 같아요. 어른들도 정신줄 놓고 즐길만한 게임도 있어서, 시간가는줄 모르고 어린이나 어른이나 재밌게 시간을 보낼수 있어요. 2층에는 바다가 보이는 피자집이 있어서 식사나 음료를 마실수 있어요. 아이들과 여행하는 엄빠들게 완전 추천합니다.",[],제주특별자치도 제주시 구좌읍 해맞이해안로 1032, 구좌읍 
323,마린파크,테마관광,#마린파크,['#마린파크'],제주특별자치도 제주시 구좌읍 해맞이해안로 1032, 안덕면 
324,마린파크,테마관광,#마린파크,['#마린파크'],제주특별자치도 제주시 구좌읍 해맞이해안로 1032, 안덕면 
325,서커스월드공연장,테마관광,#서커스월드,['#서커스월드'],제주특별자치도 서귀포시 안덕면 동광로 214, 안덕면 
326,제주돌마을공원,테마관광,"#제주돌마을공원에서 지난 가을에
#제주#제주여행","['#제주돌마을공원에서', '#제주', '#제주여행']",제주특별자치도 제주시 한림읍 금능남로 421, 한림읍 
327,포레스트 판타지아,테마관광,#제주포레스트판타지아 #산책하며즐기는곳 #야간에꼭가볼만한곳! #완전강추 #추웠지만그래도좋았어요 #테마음악까지도 완벽했던.. 제주 밤에는 갈곳이 없고 다른 일루미네이션 하는곳은 복잡하고 ..ㅠㅠ 좀 별로 였는데 여긴 여유있게 산책도 하고 포토존도 많아서 너무 좋았어요! 아! 그리고 주차장도 넓어서 저처럼 초보여행자는..ㅎ강추였음 ㅋㅋㅋ,"['#제주포레스트판타지아', '#산책하며즐기는곳', '#야간에꼭가볼만한곳', '#완전강추', '#추웠지만그래도좋았어요', '#테마음악까지도']",서귀포시 안덕면 일주서로 1836, 안덕면 
328,다이나믹메이즈,테마관광,#6감만족 #트릭아트뮤지엄#입체영상,"['#6감만족', '#트릭아트뮤지엄', '#입체영상']",제주특별자치도 서귀포시 표선면 번영로 2644, 표선면 
329,제주빅볼랜드,테마관광,"스릴있고 신나는 체험을 원한다면 빅볼랜드를 추천합니다. 4계절 즐길수 있고,경치도 좋아서 사진찍기 좋은 명소입니다.","['#sbs미우새에도', '#나왔던', '#신나는', '#체험공간', '#빅볼랜드']",제주특별자치도 제주시 애월읍 산록서로 15, 애월읍 
330,화조원,테마관광,"애월에 가면 꼭 가봐야 할 곳 입니다. 깨끗하고 동물이 많아서 볼거리도 많구요, 아이와 함께 먹이체험도 할 수 있습니다. 맹금류 비행관람을 할 수 있는데, 시간맞춰서 가서 꼭 보세요! 직원들이 친절하고, 여유롭게 구경하고 즐기기에 안성맞춤입니다.","['#제주갈만한곳', '#', '#제주도갈만한곳', '#', '#제주관광', '#아이와가볼만한곳', '#제주테마파크', '#애월가볼만한곳']",제주특별자치도 제주시 애월읍 애원로 804, 애월읍 
331,9.81 파크,테마관광,강추!! 981어플설치하니까 누가 잘탔는지 내기도 하고 레이싱한 영상도 다운받을 수 있고 좋은 추억만들었네요ㅎㅎ,"['#카트레이싱', '#제주가볼만한곳', '#981파크']",제주특별자치도 제주시 애월읍 천덕로 880-24, 애월읍 
332,"그대, 나의 뮤즈 : 클림트 to 마티스",테마관광,#체험형디지털아트 #비오는날갈만한곳 제주신화월드 내에 있는 디지털전시장입니다. 화가들의 작품은 물론 아이들이 직접 체험할 수 있는 공간들도 마련되어있어서 아이들이 특히 좋아해요!,"['##그대나의뮤즈', '##제주사진핫플', '##제주아이와', '#제주전시']",제주특별자치도 서귀포시 안덕면 신화역사로304번길 38 제주신화월드 서머셋클럽하우스, 안덕면 
333,바이나흐튼 크리스마스 박물관,테마관광,평소에 축제 보러다니는걸 좋아해서 제주시청에서 개최하는 축제를 검색해보다가 크리스마스 마켓이라는 축제가 진행하고 있길래 방문해서 구경했습니다 가족들끼리 오순도순 앉아서 향초도 만들었는데 재미있는 추억이 된거 같습니다,"['#제주컬러어택', '#제주가볼만한곳', '#크리스마스박물관']",제주특별자치도 서귀포시 안덕면 평화로 654, 안덕면 
334,서프라이즈테마파크,테마관광,오후늦게 산책하는 마음으로 갔다가 너무 좋아서 댓글까지 남김니다. CEO의 애정이 깃들어서 그런지 어느것 하나 부족 허접함이 없어요. 제주의 모든 박물관이 요즘은 눈높이가 높아져 다 수준이상인듯하나..특별히 기대이상이라서 감사했습니다. 또 입장료 내고 갈만한듯. 특히 아이들 또는 영화 만화 등 캐릭터 덕후들에게는 필수성지일듯.,"['##가족산책#야간명소#캐릭터덕후', '##마블', '##제주여행']",제주특별자치도 제주시 조천읍 남조로 2243, 조천읍 
335,세계술박물관,테마관광,"나라별로 술역사와 종류가 다양하네요.
재미있게 보았어요. 그리고 마지막 와인시음도 즐거웠어요.",[],제주특별자치도 서귀포시 표선면 한마음초등로 431, 표선면 
336,우도박물관,테마관광,우도에서 만난 박물관..옛것이 좋은 나는 외갓집 생각이 많이 났다,[],제주특별자치도 제주시 우도면 우도로 163, 우도면 
337,지포뮤지엄,테마관광,태양의 정기를 정면으로 받을 수 있는 정동향 방향을 안내해 주는 안내판은 라이터 박물관인 지포뮤지엄 앞에 있습니다.,[],제주특별자치도 서귀포시 성산읍 섭지코지로 107, 성산읍 
338,피규어뮤지엄 제주,테마관광,제주마지막날 안개와 해무가 자욱한날 #피규어뮤지엄을 다녀왔어요 #베트맨 #스파이더맨 전세계 #피규어가 모여있는 그런곳에서 모든 캐릭터 구경도 하고 신나게 즐기고 어요실제크기의 베트맨카 도 보고 실감나는 #피규어들 ~~~,"['#피규어뮤지엄을', '#베트맨', '#스파이더맨', '#피규어가', '#피규어들']",제주특별자치도 서귀포시 안덕면 한창로 243, 안덕면 
339,한울랜드,테마관광,"아이와의 체험은 항상 좋은 기억을 남깁니다.
여행에서의 체험은 무엇보다 훗날 어른이 되었을때 좋은 느낌을 남기리라 믿습니다.
아빠와의 연만들기, 연날리기...

둘의 추억이 또하나 쌓였습니다.",[],제주특별자치도 제주시 구좌읍 동백로 458, 구좌읍 
340,해거름전망대,테마관광,나홀로 자전거여행,[],제주특별자치도 제주시 한경면 일주서로 4641, 한경면 
341,수월봉 지질트레일,도보,"제주에 스며들다

#여름 #제주 #제주서쪽 #수월봉 #지질공원 #올레12코스","['#여름', '#제주', '#제주서쪽', '#수월봉', '#지질공원', '#올레12코스']",제주특별자치도 제주시 한경면 노을해안로 1013-70, 한경면 
342,김녕 지질트레일,도보,"제주도의 자연만 보는 것 말고도 ,
마을의 문화와 신화도 볼 수 있어서 좋네요~~* ^-^",[],제주특별자치도 제주시 구좌읍 김녕로 209, 구좌읍 
343,산방산 용머리해안 지질트레일,도보,#용머리해안 #산방산 #제주여행 #서귀포가볼만한곳 #제주사진찍기좋은곳 여긴 꼭 가봐야해~?????? 이국적인 해안절벽과 용머리해안 둘레길 걸으면 인생사진 찍기도 좋은곳,"['#제주여행', '##산방산', '##용머리해안#제주사진찍기좋은곳']",제제주특별자치도 서귀포시 안덕면 사계북로41번길 192주특별자치도 서귀포시 안덕면 사계북로41번길 192, 안덕면 
344,제주올레 10코스,도보,#제주올레10코스 #산방산 #송악산 #형제해안도로 #화순금모래해변 #모슬포,"['#제주올레10코스', '#산방산', '#송악산', '#형제해안도로', '#화순금모래해변', '#모슬포']",제주특별자치도 서귀포시 대정읍 상모리 산 2-27, 대정읍 
345,제주올레 15-A코스,도보,#산과오름 #제주올레길 #귀덕4길,"['#산과오름', '#제주올레길', '#귀덕4길']",제주특별자치도 제주시 애월읍 납읍리 2695-5, 애월읍 
346,제주올레 14코스,도보,올래길 속에서 물에 비추인 남색을 바라보다,"['#제주올레14코스', '#제주컬러어택', '#남색', '#제주', '#제주여행', '#여행', '#물', '#비추임', '#길', '#하늘']",제주특별자치도 제주시 한림읍 월령리 산 9-15, 한림읍 
347,제주올레 5코스,도보,"#제주가을 #제주올레길5코스 #제주올레5코스 #올레5코스 #올레길5코스

올레길을 정처없이 걸으며 풍경구경했더니 정확한 지명은 모르겠네요 그래도 가을이라 그런지 억새가 바다와 어우러져 풍경이 장관을 이뤘습니다.","['#제주가을', '#제주올레길5코스', '#제주올레5코스', '#올레5코스', '#올레길5코스']",제주특별자치도 서귀포시 남원읍 남태해안로 140, 남원읍 
348,제주올레 1코스,도보,"올레코스의 시작 올레1코스
#올레1코스 #제주올레1코스 #올레길","['#올레1코스', '#제주올레1코스', '#올레길']",제주특별자치도 서귀포시 성산읍 오조리 396-1, 성산읍 
349,제주올레 9코스,도보,"아이들 시부모님과 여행이라 많이 걷지는 못했지만, 대평포구에서 봤던 박수기정의 늠름한 모습을 잊을수가 없네요.",[],제주특별자치도 서귀포시 안덕면 감산리 982-2, 안덕면 
350,제주올레 19코스,도보,3년 전에 친구랑 둘이서 방문했는데 힘든시기에 힐링하고 오는 느낌이었어요 몇 년이 지났지만 여전히 기억에 남는 코스였어요,"['#겨울', '#힐링', '#친구']",제주특별자치도 제주시 조천읍 조천리 1142, 조천읍 
351,제주올레 20코스,도보,#제주가을#제주올레#올레20코스#,"['#제주가을', '#제주올레', '#올레20코스']",제주특별자치도 제주시 구좌읍 행원동길 22, 구좌읍 
352,제주올레 4코스,도보,#제주 #올레4코스 #감귤 #갈대 #해녀벽화 #푸른 바다,"['#제주', '#올레4코스', '#감귤', '#갈대', '#해녀벽화', '#푸른']",제주특별자치도 서귀포시 남원읍 태흥리 200-2, 남원읍 
353,생이기정,도보,비짓제주에 올라온 글을 보고 어제 다녀왔어요. 용수리 포구에서 바다를 오른쪽에 끼고 직진하다 정자를 지나 안쪽으로 들어가는 길이 있더군요. 오른쪽으로는 차귀도와 코발트 블루빛의 바다가 끝없이 펼쳐져 있고 왼쪽에는 황금빛 억새를 끼고 걸었어요. 흙과 돌을 밝으며 걷는데 태초의 제주의 모습이 그대로 보존된 곳이라는 생각이 들었어요. 바다와 하늘이 세상을 둘로 나눈것처럼 보이더군요. 전체적인 느낌과 색감이 예뻐서 오래도록 머물다 왔습니다. 이런 풍광을 보고 듣고 걸으니 마음이 자연스레 평온해지고 차분해져서 참 좋은 시간을 보냈어요.,[],제주특별자치도 제주시 한경면 용수리 산 60, 한경면 
354,제주올레 3코스,도보,"#제주 가을, #올레3코스","['#제주', '#올레3코스']",제주특별자치도 서귀포시 표선면 하천리 87-1, 표선면 
355,제주올레 1-1코스,도보,"1-1코스는 우도를 한바퀴 돌아보는 코스이다. 원래는 우도 내륙도 돌아가는 코스였는데 지금은 한바퀴 돌아보는 코스로 변경되었다. 망루등대, 비양도, 하고수동, 톨카니해변등 절경 멋곳을 비켜가므로 코스대로 도는 것보다는 해안도로를 따라 걷는 것을 추천한다.
#올레1-1코스 #올레길 #우도올레","['#올레1', '#올레길', '#우도올레']",제주특별자치도 제주시 우도면 연평리 2473-1, 우도면 
356,제주올레 11코스,도보,가을하늘과 밭밤의 아름다움,[],제주특별자치도 서귀포시 대정읍 동일리 3168, 대정읍 
357,제주올레 14-1코스,도보,"올레 14-1코스
귤과 농작물로 가득한 동네를 지나 저지 예술인마을에 도착했습니다. 미술관 전시회도 많아 볼게 많네요. 아름다운 작품들과 예쁜 마을 구경했어요.",[],제주특별자치도 서귀포시 안덕면 서광리 산 50-22, 안덕면 
358,제주올레 16코스,도보,9월의 끝자락에 댕댕이와 함께 고내포구를 시작으로 바닷길을 걷던 날에 바닷바람은 시원하나 햇볕은 여전히 뜨겁다. 여름과 가을이 공존한 걷기... 바람에만 가을이 온 듯 하다. 수산봉까지 걷고 다시 왕복으로 걸어 왔지. 다리가 훈훈한 날이었다.,"['#고내포구', '#돌염전', '#수산봉']",제주특별자치도 제주시 애월읍 고내리 1111-2, 애월읍 
359,제주올레 21코스,도보,#제주#제주올레#올레21코스#하도-종달,"['#제주', '#제주올레', '#올레21코스', '#하도']",제주특별자치도 제주시 구좌읍 하도리 3204-1, 구좌읍 
360,제주올레 2코스,도보,올레 최고,[],제주특별자치도 서귀포시 성산읍 고성리 2563-3, 성산읍 
361,볼레낭길,도보,#볼레낭길 #박수기정길 #박수기정 #올레9코스 #기정길,"['#볼레낭길', '#박수기정길', '#박수기정', '#올레9코스', '#기정길']",제주특별자치도 서귀포시 안덕면 감산리 1049, 안덕면 
362,제주올레 12코스,도보,"제주 올레길 12코스 수월봉 화산쇄설층
정상의 지형은 완만한 편이지만 해안 절벽을 따라 만들어진 화산쇄설층은 그야말로 자연의 걸작품이다
땅 속엥서 올라온 마그마가 지하수를 만나 폭팔하면서 품어져 나온 화산재들이 쌓여 만들어지는데 곳곳에 화산탄이 박혀 있고 지층이 휘어져 있는 탄낭구조를 볼 수 있는곳이다.",[],제주특별자치도 서귀포시 대정읍 신도리 2883-2, 대정읍 
363,제주올레 13코스,도보,올레길 13코스를 꼬닥꼬닥 걸으며... 이날은 클린올레로 올레길을 청소해서 마음도 한결 뿌듯했어요,[],제주특별자치도 제주시 한경면 조수리 2137-2, 한경면 
364,제주올레 15-B코스,도보,#올레길 #15-b #담장을 #벗삼아 #태양을 #바라보는 #난제주개,"['#올레길', '#15', '#담장을', '#벗삼아', '#태양을', '#바라보는', '#난제주개']",제주특별자치도 제주시 한림읍 한림해안로 192, 한림읍 
365,제주올레 18-1코스,도보,용듬벙에서 바로보는 나발론절벽과 하늘길,"['#알파캠프', '#올레캠프본점알파캠프', '#제주', '#제주도', '#제주올레18-1코스', '#제주도한달살기', '#올레길완주']",제주특별자치도 제주시 추자면 묵리 산 133, 추자면 
366,관덕정,문화,"별은 다섯개 주고 싶지만 누워서 처마밑 하늘을 보는데 누군가 다가와 제지한다. 누우면 안된다는게 도무지 이해가 되지 않는다 건물을 느끼는건 여러가지다. 그중에 시간을 보내면서 시간의 흐름을 느끼는건 흔한 일이다. 술을 마시는것도 시끄럽게 구는것도 아닌데 참 권위적이다, 왜 안되냐는 물음에 담당자는 문화재에서 누가 눕냐고 말한다, 그 대답엔 물어본 사람을 아주 사뿐히 무시하는 말투가 숨어져 있다. 오히려 다시한번 당신에게 묻고 싶다. 여기보다 더한 천년고도 경주에서도 앉고 눕고 느껴도 그 누구하나 말리지 않는다. 그럼 거기는 문화재가 아닌가? 그리고 cctv가 있다고 협박아닌 협박은 참 혀를 차게 만든다. 그리고 난 이곳에서 나고 자라서 대학시절엔 여기와서 참 오랫동안 누워서 처마밑 하늘을 봤었다. 그때 공무원들은 당신에 비하면 공무원도 아니었나 보다","['#관덕정', '#관리자', '#교육좀', '#친절교육도', '#함께']",제주특별자치도 제주시 관덕로 19,제주시
367,새연교,문화,유람선관광. 새연교와 새섬 정방폭포 주상절리를 관광할수있는 유람선 재미있는 해설로 아이와 함께 즐거웠던 여행,"['##제주 #여행 #새연교 #유람선', '##유람선 #제주도 #여행', '##유람선 #제주도 #여행']",제주특별자치도 서귀포시 서홍동 707-4,서귀포시
368,이중섭거리,문화,"신랑없이 떠난 첫 여행 !걱정 반 기대반이었는데
넘넘 행복한 잊지못할 제주의 추억 만들고 왔어요",[],제주특별자치도 서귀포시 이중섭로 4-1 (서귀동),서귀포시
369,제주특별자치도 도립미술관,문화,제주도립미술관,"['#제주도립미술관', '#걷기여행', '#미술관']",제주특별자치도 제주시 1100로 2894-78,제주시
370,약천사,문화,#약천사,['#약천사'],제주특별자치도 서귀포시 이어도로 293-28,서귀포시
371,이중섭거주지,문화,"이중섭이 서귀포에서 1년정도 거주하면서 작품활동을 한 집이라고 한다.
아직 거주민이 있으므로 정숙유지는 기본이다.
#이중섭거주지 #이중섭","['#이중섭거주지', '#이중섭']",제주특별자치도 서귀포시 이중섭로 29,서귀포시
372,이중섭미술관,문화,아름다운 제주에서 빛났던 이중섭의 작품처럼 아름다운 제주에서 빛나는 우리가족,"['#5월엔제주', '#제주여행', '#아름다운제주', '#이중섭미술관']","제주특별자치도 서귀포시 이중섭로 27-3
",서귀포시
373,삼성혈,문화,"#제주 #제주가을 #삼성혈 을 가서 신비로운 기운을 느꼈습니다.
단풍져가는 풍경을 #어반스케치 했습니다.","['#제주', '#제주가을', '#삼성혈', '#어반스케치']",제주특별자치도 제주시 삼성로 22,제주시
374,삼성혈,문화,"#제주 #제주가을 #삼성혈 을 가서 신비로운 기운을 느꼈습니다.
단풍져가는 풍경을 #어반스케치 했습니다.","['#제주', '#제주가을', '#삼성혈', '#어반스케치']",제주특별자치도 제주시 삼성로 22,제주시
375,제주목관아,문화,"우리 아이가 가장 좋아하는 곳, 목관아^^
목관아의 하늘은 유난히 푸르다",[],제주특별자치도 제주시 삼성로 22,제주시
376,제주목관아,문화,"우리 아이가 가장 좋아하는 곳, 목관아^^
목관아의 하늘은 유난히 푸르다",[],제주특별자치도 제주시 삼성로 22,제주시
377,전농로 서사라문화거리,문화,#벚꽃 #봄봄봄,"['#벚꽃', '#봄봄봄']",제주특별자치도 제주시 서사로7길 27,제주시
378,서귀포천문과학문화관,문화,#서귀포천문과학문화관 #서귀포 #과학문화관,"['#서귀포천문과학문화관', '#서귀포', '#과학문화관']",제주특별자치도 서귀포시 1100로 506-1,서귀포시
379,두맹이골목,문화,#귀엽다 #벽화,"['#귀엽다', '#벽화']",제주특별자치도 제주시 동문로16길 17-4,제주시
380,제주국제컨벤션센터 icc,문화,제주 컨벤션센터를 중심으로 관광지가 어마어마하게 많다.걸어서도 갈수있는곳이 많으니 걸어서 가기를 추천합니다. 3시간정도면 될듯,"['#제주 컨벤션센터', '#제주도', '#제주여행']",제주특별자치도 서귀포시 중문관광로 224,서귀포시
381,천왕사,문화,#제주여행#제주천왕사#편백나무길#천왕사대웅전#제주폭설#한라산등산로통제#백록담등정실패#언제나백록담갈수있나,"['#제주여행', '#제주천왕사', '#편백나무길', '#천왕사대웅전', '#제주폭설', '#한라산등산로통제', '#백록담등정실패', '#언제나백록담갈수있나']",제주특별자치도 제주시 1100로 2528-111,제주시
382,아라리오뮤지엄탑동시네마,문화,#JEJU #제주 #아라리오뮤지엄 #산지천 #박물관 #남자친구 #휴가 #군인 #복귀 #추억 #이도1동 #이도2동 #동문시장 #사랑해,"['#JEJU', '#제주', '#아라리오뮤지엄', '#산지천', '#박물관', '#남자친구', '#휴가', '#군인', '#복귀', '#추억', '#이도1동', '#이도2동', '#동문시장', '#사랑해']",제주특별자치도 제주시 삼도2동 1261-8,제주시
383,아라리오뮤지엄탑동시네마,문화,#JEJU #제주 #아라리오뮤지엄 #산지천 #박물관 #남자친구 #휴가 #군인 #복귀 #추억 #이도1동 #이도2동 #동문시장 #사랑해,"['#JEJU', '#제주', '#아라리오뮤지엄', '#산지천', '#박물관', '#남자친구', '#휴가', '#군인', '#복귀', '#추억', '#이도1동', '#이도2동', '#동문시장', '#사랑해']",제주특별자치도 제주시 삼도2동 1261-8,제주시
384,서귀다원,테마관광,많이 방문하는 오설록과는 전혀 다른 한적함과 녹차잎의 푸르름을즐길 수 있는 장소에요~!!,"['#제주가을', '#서귀다원', '#녹차밭']",제주특별자치도 제주시 삼도2동 1261-8,서귀포시
385,서귀다원,테마관광,많이 방문하는 오설록과는 전혀 다른 한적함과 녹차잎의 푸르름을즐길 수 있는 장소에요~!!,"['#제주가을', '#서귀다원', '#녹차밭']",제주특별자치도 제주시 삼도2동 1261-8,서귀포시
386,김만덕객주,문화,너무 많은 걸 기대 안하면 괜춘 생각보다 집은 소소하고요 음식은 음 뭐 괜찮은 거 같기도 하고 아닌거 같기도 하고 아랫분 말대로 찬은 괜찮게 나와요 고전적 분위기가 좋아서 한번쯤 들를만 한듯여,"['#여름', '#혼자', '#힐링']",제주특별자치도 제주시 임항로 68,제주시
387,제주 삼양동 유적,문화,#제주삼양동유적지 넘 좋았던 여행지,[],제주특별자치도 제주시 선사로2길 13 (삼양일동),제주시
388,법화사지,문화,조용한 사찰,[],제주특별자치도 서귀포시 하원북로35번길 15-28,서귀포시
389,산천단,문화,"#제주한복체험 #산천단 #제주에서한복입고놀기
#제주한복담 에서 한복 대여하고 제주에서 놀기
#저렴한가겨 으로 대여할 수 있어서 즐겁고 의미있는 시간이었다.","['#제주한복체험', '#산천단', '#제주에서한복입고놀기', '#제주한복담', '#저렴한가겨']",제주특별자치도 제주시 아라1동 392-3,제주시
390,약천사 템플스테이,문화,또 가고싶어요,"['#템플스테이', '#약천사', '#재방문']",제주특별자치도 서귀포시 이어도로 293-28 (대포동),서귀포시
391,김만덕기념관,문화,"제주하면 떠오르는 것~ 나눔, 실천, 도전, 의녀, 나눔을 실천한 세상을 밝힌 사람들.....시간마다 해설사 안내를 받을 수 있어 좋은 것 같다. 많은 사람들이 김만덕념관을 방문하면 좋겠다! 제주시내에 위치해있어 공항가기전 잠깐이라도 들려보자!",[],제주특별자치도 제주시 산지로 7,제주시
392,더 플래닛(THE PLANET),문화,아이 데리고 가기 정말 좋아요! 멸종 위기에 관한 전시 내용도 유익하고 아이들이 알기 쉽게 설명해 주셔서 너무 좋았어요~ 체험도 많고 책도 많아서 하루 종일 시간 보내다 왔네요ㅎㅎ,"['#힐링', '#체험', '#가족여행', '#가족', '#친구', '#애인']",제주특별자치도 서귀포시 천제연로 70,서귀포시
393,산천단곰솔,문화,제주에 오면 가장 먼저 인사드리러 오는 곳,[],제주특별자치도 제주시 516로 3041-24,제주시
394,왈종미술관,문화,좋아요,[],제주특별자치도 서귀포시 칠십리로214번길 30,서귀포시
395,제주성지,문화,제주에도 이런 성곽이 있었더라구요,[],제주특별자치도 제주시 오현길 61,제주시
396,제주향교,문화,#고풍스러운 느낌! #옛느낌이 가득!,"['#고풍스러운', '#옛느낌이']",제주특별자치도 제주시 서문로 43,제주시
397,화북비석거리,문화,화북쪽 벚꽃거리!!,[],제주특별자치도 제주시 일주동로,제주시
398,아침미소목장,레저/체험,#여름 #아침미소목장,"['#여름', '#아침미소목장']",제주특별자치도 제주시 월평동 155,제주시
399,서귀포잠수함(대국해저관광),레저/체험,지인 추천으로 갔던 잠수함 여행인데 애들이 너무 좋아해요. 덕분에 저희도 즐거웠습니다 ^^,"['#가족', '#가을', '#레포츠 서귀포잠수함']",제주특별자치도 서귀포시 서홍동 707-5 서귀포잠수함,서귀포시
400,아날로그감귤밭,레저/체험,작년 11월 이맘때 엄마와 제주도를 갔습니다 저희 모녀는 귤을 너무 좋아해서 가을 겨울이면 손이 노랗게 될 때까지 귤을 먹곤 했습니다 하지만 육지에서는 탐스럽고 크기가 큰 귤이 굉장히 비쌉니다 그래서 제주도에 가서 귤을 일년치 다 먹고 오자 ! 라는 마음으로 비행기 티켓을 끊었습니다 도착하자마자 귤 농장으로 달려가서 얼굴이 노래질 정도로 귤을 마음껏 먹고 직접 수확도 했습니다 :) 제주도를 많이 가봤지만 가장 기억에 남고 즐거웠던 시간이 아닐까 싶습니다 사진에서도 우리 모녀 너무 행복해 보이죠 ? ( ^ω^ ) 다시 찾아 온 귤의 계절. #visitjeju 에서 받은 귤을 한아름 안고 집에 갔을 때 엄마의 표정이 상상되서 벌써 웃음이 새어나옵니다 우리 모녀 맛있는 제주 귤 또 먹고 싶어요 ??,['#visitjeju'],제주특별자치도 제주시 해안동 2463,제주시
401,퍼시픽 리솜 요트투어 샹그릴라,레저/체험,11월 제주도 중문관광단지 퍼스픽랜드 요트투어샹그릴라 에서 와이프랑 결혼16주년 기념 신혼여행시즌2 여행을 즐겼습니다. 요트에서 직접 낚시도로 물고기도 바로잡아서 회로도먹고 아름다은 주상절리도 요트에서 감상하고 해가지는 선상선셋리 너무 아름다웠습니다. 가격은 조금 나가지만 소중한가족과 잊지못할 추억을 위해서 작은사치를 한번쯤은 선물해 보세요. 가을제주도 너무 좋아요.,"['#제주컬러어택', '#퍼시픽랜드', '#요트투어샹그릴라']",제주특별자치도 서귀포시 색달동 2950-5,서귀포시
402,레이저서바이벌M,레저/체험,남녀구분없이 가면 재밋을듯 남자만 같이 갓엇는데 군대도 생각나고 서든어택도 생각이나고 추억이 새록새록 피어나네요~~^^ 정말 재밋어요,"['#가족', '#친구', '#애인', '#가족여행', '#레포츠', '#체험', '#힐링']",제주특별자치도 제주시 연동 262-8,제주시
403,서귀포자연휴양림,레저/체험,#서귀포자연휴양림 #휴양림 #숲 #걷기좋은길,"['#서귀포자연휴양림', '#휴양림', '#숲', '#걷기좋은길']",제주특별자치도 서귀포시 대포동 산 1-8,서귀포시
404,그랑블루 요트투어,레저/체험,아버지 환갑기념 그리고 조카 돌기념으로 가족들과 요트를 탔어요 요트위에서 제주의 절경을 감상하고 낚시체험도 했어요 그리고 인생사진은 덤~ 제주요트투어로 가족모두가 만족하는 좋은 추억 남겼답니다~??,"['##제주요트투어', '##그랑블루요트', '##제주도', '##제주여행']",제주특별자치도 서귀포시 대포동 2367-1,서귀포시
405,한라산국립공원,자연,겨울왕국!,"['#한라산', '#성판악', '#백록담']",제주특별자치도 제주시 1100로 2070-61,제주시
406,한라산국립공원,자연,겨울왕국!,"['#한라산', '#성판악', '#백록담']",제주특별자치도 제주시 1100로 2070-61,제주시
407,한라산어리목코스,자연,가을의 햇살 먹으러 고고,"['#가을', '#걷기', '#가족']",제주특별자치도 제주시 1100로 2070-61,제주시
408,한라산어리목코스,자연,가을의 햇살 먹으러 고고,"['#가을', '#걷기', '#가족']",제주특별자치도 제주시 1100로 2070-61,제주시
409,천지연폭포,자연,나른한 오후 천지연 걸어볼까요?,"['#친구', '#천지연', '#가족']",제주특별자치도 서귀포시 서홍동 666-1,서귀포시
410,쇠소깍,자연,예약을 늦게 해서 투명카약을 타지는 못했지만 주변 산책하고 사진찍고 했더니 시간가는줄 모르겠더라구요. 다음에도 꼭 찾고 싶은 곳 '쇠소깍' 추천합니다^^,"['##쇠소깍', '##예약필수', '##그래도잼난다']",제주특별자치도 서귀포시 하효동 995,서귀포시
411,정방폭포,자연,정말 불친절하네요 4분늦어서 혹시 되나 여쭤보는데 쌩하고 안돼요 하더니 올레길가다가 옆에 작은문있어서 오? 여긴 뭐냐고 들어가도되는거냐고 하는데 한글못읽냐고 겁나 비꼬네요 제주도여행하다 기분 개잡쳤네요,"['##불친절', '##기분잡침', '##다신안감']",제주특별자치도 서귀포시 동홍동 278,서귀포시
412,용두암,자연,#제주가을 #핑크뮬리 #푸른바다 #용두암 #비오는제주,"['#비오는제주', '#가을제주', '#핑크뮬리', '#용두암']",제주특별자치도 제주시 용담이동 483,제주시
413,제주절물자연휴양림,자연,긴 나무길을 걸어가다 만난 수국. 수국도 나를 기다렸을까...,"['#제주절물자연휴양림', '#수국의바다', '#제주컬러어택']",제주특별자치도 제주시 봉개동 산 78-1,제주시
414,제주절물자연휴양림,자연,긴 나무길을 걸어가다 만난 수국. 수국도 나를 기다렸을까...,"['#제주절물자연휴양림', '#수국의바다', '#제주컬러어택']",제주특별자치도 제주시 봉개동 산 78-1,제주시
415,외돌개,자연,선녀탕은 바람영향으로 날씨좋아도 폐쇄가 자주됩니다 여기유료주차장은 안되는거알아도 주차비 2000원 을 받고 내려 보냅니다 자기관할아니라는거죠 이틀째 주차비 4000원내고 제주도 주차장 아재의 속물근성만 보고 갑니다 저렇게 돈벌고 싶은지 무료에 주차하세요 그냥 거리차이도 얼마안납니다,"['##주차#선녀탕', '##외돌개', '##유료주차']",제주특별자치도 서귀포시 서홍동 791,서귀포시
416,천제연폭포,자연,여러 가지 이야기를 담고 있는 천제연폭포,"['#가을제주', '#제주가을', '#천제연폭포', '#천지연폭포', '#구름다리']",제주특별자치도 서귀포시 중문동 2232,서귀포시
417,이호테우말등대,자연,"첫 제주가을,","['#제주가을', '#이호테우해변', '#새별오름']",제주특별자치도 제주시 이호일동 374,제주시
418,중문색달해수욕장,자연,일반사람들 해수욕하는곳 아님 밧줄로 가두리 처놓고 성인 무릎정도 이상 에서 못놈 비매너 서퍼들 천국 다른곳 가세요,"['##중문해수욕장 #색달해수욕장 #중문색달해수욕장', '## 색달해수역장', '#가족', '#친구', '#애인']",제주특별자치도 서귀포시 색달동 3039,서귀포시
419,주상절리대(중문대포해안),자연,"10년만의 배방문, 10년전 날씨 사정으로 사진을 재대로 못찍었다. 그 중간에 몇번을 왔지만 이곳은 올기회가 없어 이번에 10년간의 소회를 풀렀다.","['#주상절리대', '#중문대포해안', '#절경', '#아름다은', '#절벽']",제주특별자치도 서귀포시 중문동 2768-1,서귀포시
420,황우지해안,자연,엄마와 올해 초에 여행 갔을 때 찍었는데요 제주도에 방문 하면서 처음 가보았는데 제주 올레 7코스를 돌다가 발견한 황우지 선녀탕 이랍니다 정말 사우나 탕 처럼도 보였던 곳 ! 물색이 에메랄드 빛으로 너무나 아름다워 엄마와 저는 휴대폰 카메라 버튼을 누르기가 바빴답니다 다음에는 여름에 방문해서 스노쿨링도 하고싶어요,"['#제주컬러어택', '#황우지해안', '#에메랄드빛']",제주특별자치도 서귀포시 서홍동 766-1,서귀포시
421,백록담,자연,고진감래 끝판왕! 눈이 녹고있지만 아직은 하얀 솜털을 덮고 있는 한라산 ㅎㅎ 바다까지 보이네?! 이번 컬러는 하얀색!,"['#제주컬러어택', '#백록담', '#한라산']",제주특별자치도 서귀포시 토평동 산 15-1,서귀포시
422,삼양해수욕장,자연,제주는 한치잡이 낚시중,"['#제주한치', '#한치낚시', '#한치잡이']",제주특별자치도 제주시 삼양동,제주시
423,마방목지,자연,#마방목지 #제주도 #여행 #드라이브 #아이폰,"['#마방목지', '#제주도', '#여행', '#드라이브', '#아이폰']",제주특별자치도 제주시 용강동,제주시
424,용담/용두암 해안도로,자연,제주도 해안도로 중 접근성과 경관이 가장 멋진곳,"['#용담이호해안도로', '#도두봉', '#파도']",제주특별자치도 제주시 용담2동 488-9,제주시
425,쇠소깍해변,자연,쇠소깍의 뮤유자적,"['#쇠소깍', '#유유자적', '#여유']",제주특별자치도 서귀포시 하효동,서귀포시
426,여미지식물원,자연,제가 젊었을적에 혼자만의 제주여행을 간곳이네요 추억이 깃든 곳입니다.,"['#제주도', '#장소', '#여미지식물원']",제주특별자치도 서귀포시 색달동 2484-1,서귀포시
427,오라동 청보리-메밀꽃밭,자연,어느멋진날,"['##5월엔제주 #용담해안도로 #어느멋진날', '##5월엔제주#오라동메밀밭', '##5월엔제주#오라동메밀밭#어느멋진날']",제주특별자치도 제주시 오라2동 산 76,제주시
428,용연,자연,용두암서 조금만 걸어가면 있어요 다리가 흔들흔들 밤에 봐야 이쁜듯,"['#여름', '#밤', '#야경']",제주특별자치도 제주시 동한두기길 35 (용담일동),제주시
429,용연,자연,용두암서 조금만 걸어가면 있어요 다리가 흔들흔들 밤에 봐야 이쁜듯,"['#여름', '#밤', '#야경']",제주특별자치도 제주시 동한두기길 35 (용담일동),제주시
430,한담해변,자연,태풍오기 하루 전 석양을 좋아하는 난 운좋게 석양을 봤다 코타키나발루 보다 더 멋진 석양을 잊지 못한다,"['#한담해변산책로 봄날카페', '#석양', '#하이바다']",제주특별자치도 제주시 동한두기길 35 (용담일동),제주시
431,한담해변,자연,태풍오기 하루 전 석양을 좋아하는 난 운좋게 석양을 봤다 코타키나발루 보다 더 멋진 석양을 잊지 못한다,"['#한담해변산책로 봄날카페', '#석양', '#하이바다']",제주특별자치도 제주시 동한두기길 35 (용담일동),제주시
432,어승생,자연,"#제주가을 #어승생악 #어승생오름
가을을 느끼고 싶어서 꼬마 한라산이라 불리는 어승생악(어승생오름)에 올랐습니다.
노랑노랑 붉긋붉긋한 단풍들도 만나고 초록에서 갈색이 된 제주의 멋진 가을을 만나고 왔네요♥
어승생악 정상에서 바라보는 제주의 풍경도 멋졌어요.
역시 제주의 가을은 아름답네요. ^-^♥","['#제주가을', '#어승생악', '#어승생오름']",제주특별자치도 제주시 해안동 1100도로 555번지 (해안동 산220-12번지),제주시
433,엉또폭포,자연,"비가 내릴때 엉또폭포의 경관이 장관이라하여, 제주시에서 전화로 강정동마을 홈페이지에 게재된 전화번호로 강정동 날씨상태를 문의하였더니, 응대하는 직원의 대답이 너무나 무성의하고 불친절하여, 엉또폭포를 관광할 마음이 싹 사라졌을뿐 아니라, 강정마을에 대한 인식이 쩝쩝쩝~~~~, 아~ 아직도 이런 관광지가 존재하는구나!!!","['#여름', '#가족여행', '#가족']",제주특별자치도 서귀포시 강정동 5628,서귀포시
434,엉또폭포,자연,"비가 내릴때 엉또폭포의 경관이 장관이라하여, 제주시에서 전화로 강정동마을 홈페이지에 게재된 전화번호로 강정동 날씨상태를 문의하였더니, 응대하는 직원의 대답이 너무나 무성의하고 불친절하여, 엉또폭포를 관광할 마음이 싹 사라졌을뿐 아니라, 강정마을에 대한 인식이 쩝쩝쩝~~~~, 아~ 아직도 이런 관광지가 존재하는구나!!!","['#여름', '#가족여행', '#가족']",제주특별자치도 서귀포시 강정동 5628,서귀포시
435,원앙폭포,자연,"시원한 원앙폭포로 더위피해 다녀왔어요
#여름 #원앙폭포 #피서지","['#여름', '#원앙폭포', '#피서지']",제주특별자치도 서귀포시 강정동 5628,서귀포시
436,원앙폭포,자연,"시원한 원앙폭포로 더위피해 다녀왔어요
#여름 #원앙폭포 #피서지","['#여름', '#원앙폭포', '#피서지']",제주특별자치도 서귀포시 강정동 5628,서귀포시
437,한라수목원,자연,#제주컬러어택 #한라수목원 겨울 날씨지만 가을과 겨울이 공존하는 이 곳 . 제주는 사랑입니다!,"['##제주컬러어택 #한라수목원 #가울겨울동시에', '##제주컬러어택', '#한라수목원', '#가울겨울동시에', '#제주컬러어택']",제주특별자치도 제주시 수목원길 72,제주시
438,도두봉,자연,"#제주가을
#도두봉","['#제주가을', '#도두봉']",제주특별자치도 제주시 도두동 산 1,제주시
439,제주대학교 가는길,자연,제주 은행잎이에요 ㅎㅎ,"['##제주컬러어택', '#제주색', '#제주여행']",제주특별자치도 제주시 아라1동 1,제주시
440,서귀포치유의숲,자연,매표소 직원이 갑질하는곳! 예약하고 가도 신발이 뒤가 반만막힌걸 신고왔다고 슬리퍼나 다름없는거 신고왔다고 집가라고함 거기다 어짜피 산길이고 애데리고는 못가니까 노인들도 가는 자연휴양림 가라고 이딴식으로 말함 요즘시대에 노인이라는단어를 쓰고 이 숲이 노키즈존임? 그럼 아이랑 잘다녀왔다는 후기는 뭐임? 비행기타고 숙소잡아 예약하고 갔는데 어떻게서든 들어가서 즐거운시간 보내려고하는 사람한테 공감1도없고 니가잘못해놓고 왜 억지냐는 식임 운동화 종류가 많으니 특정디자인은 안된다고 예약안내사항 수정해달라 해도 무시함 예약을 변경해준다던가 대안이 없고 怜 안되니까 딴데가란식으로 말함 응대하는 기본이 안되있음 직원 김ㅁㅅ씨!,"['#미식', '#가을', '#가족여행']",제주특별자치도 서귀포시 호근동 산4,서귀포시
441,1100고지(휴게소),자연,겨울에 가장 아름다운 곳,"['#1100고지', '#영실어리목가는길', '#고상돈']",제주특별자치도 서귀포시 색달동 산 1-3,서귀포시
442,1100고지습지,자연,친구와함께,"['#제주컬러어택', '#1100고지습지', '#친구와함께']",제주특별자치도 서귀포시 색달동 산 1-2,서귀포시
443,법환포구,자연,11.03토요일에 진행된 제주올레길축제를 걷고 왔어요~ 부모님과 함께해서 더욱 의미 있었습니당ㅎㅎ,[],제주특별자치도 서귀포시 법환동 287-3,서귀포시
444,법환포구,자연,11.03토요일에 진행된 제주올레길축제를 걷고 왔어요~ 부모님과 함께해서 더욱 의미 있었습니당ㅎㅎ,[],제주특별자치도 서귀포시 법환동 287-3,서귀포시
445,법환포구,자연,11.03토요일에 진행된 제주올레길축제를 걷고 왔어요~ 부모님과 함께해서 더욱 의미 있었습니당ㅎㅎ,[],제주특별자치도 서귀포시 법환동 287-3,서귀포시
446,소천지,자연,어머니와 이모가 함께한 제주여행. 이른 아침 올레6코스를 산책하며 만난 소천지. 제주의 아름다움 천지의 아름다움 두 어머니의 아름다움. 제주에 오래오래 머물고 싶으셨데요.,"['#오월엔제주', '#소천지', '#올레6코스', '#서귀포', '#서귀피안호텔']",제주특별자치도 서귀포시 법환동 287-3,서귀포시
447,소천지,자연,어머니와 이모가 함께한 제주여행. 이른 아침 올레6코스를 산책하며 만난 소천지. 제주의 아름다움 천지의 아름다움 두 어머니의 아름다움. 제주에 오래오래 머물고 싶으셨데요.,"['#오월엔제주', '#소천지', '#올레6코스', '#서귀포', '#서귀피안호텔']",제주특별자치도 서귀포시 법환동 287-3,서귀포시
448,소천지,자연,어머니와 이모가 함께한 제주여행. 이른 아침 올레6코스를 산책하며 만난 소천지. 제주의 아름다움 천지의 아름다움 두 어머니의 아름다움. 제주에 오래오래 머물고 싶으셨데요.,"['#오월엔제주', '#소천지', '#올레6코스', '#서귀포', '#서귀피안호텔']",제주특별자치도 서귀포시 법환동 287-3,서귀포시
449,막숙,자연,18년8월9일 법환동에 있는 막숙이라는 용천수 다녀왔는데 실망만하고 왔습니다. 관광지다보니 가족단위의 여행객이 어린자녀의 아이들을 데려와 쉬는데 마을 주민으로 보이는 노인 두분이 그 물에 빨래를하고 때를 벗기고 심지어 샴푸한 머리로 가운데로 들어가 헹구더이다.기가차서...관리하는 사람이 없다보니 마을 주민들은 그런 식으로 막쓰는 모양이더이다. 그 모습보고 다시 애월까지 옴...40키로 넘게 간건데...이런 곳을추천 여행지라고 얘기해야하나,"['##여름#가족여행#가족', '##힐링', '##아이']",제주특별자치도 서귀포시 법환동 287-3,서귀포시
450,막숙,자연,18년8월9일 법환동에 있는 막숙이라는 용천수 다녀왔는데 실망만하고 왔습니다. 관광지다보니 가족단위의 여행객이 어린자녀의 아이들을 데려와 쉬는데 마을 주민으로 보이는 노인 두분이 그 물에 빨래를하고 때를 벗기고 심지어 샴푸한 머리로 가운데로 들어가 헹구더이다.기가차서...관리하는 사람이 없다보니 마을 주민들은 그런 식으로 막쓰는 모양이더이다. 그 모습보고 다시 애월까지 옴...40키로 넘게 간건데...이런 곳을추천 여행지라고 얘기해야하나,"['##여름#가족여행#가족', '##힐링', '##아이']",제주특별자치도 서귀포시 법환동 287-3,서귀포시
451,막숙,자연,18년8월9일 법환동에 있는 막숙이라는 용천수 다녀왔는데 실망만하고 왔습니다. 관광지다보니 가족단위의 여행객이 어린자녀의 아이들을 데려와 쉬는데 마을 주민으로 보이는 노인 두분이 그 물에 빨래를하고 때를 벗기고 심지어 샴푸한 머리로 가운데로 들어가 헹구더이다.기가차서...관리하는 사람이 없다보니 마을 주민들은 그런 식으로 막쓰는 모양이더이다. 그 모습보고 다시 애월까지 옴...40키로 넘게 간건데...이런 곳을추천 여행지라고 얘기해야하나,"['##여름#가족여행#가족', '##힐링', '##아이']",제주특별자치도 서귀포시 법환동 287-3,서귀포시
452,알작지해변,자연,제주말로 알을 닮은 작은 돌멩이라는 뜻의 #알작지 에 다녀왔어요. #제주해변 의 동글동글 #몽돌 이 너무나 매력적... #여름 해질녘에 바닷바람 맞으며 걷는 기분은 최고! 마을 돌담 안 보리밭도 참 예뻤답니다. ^^,"['#알작지', '#제주해변', '#몽돌', '#여름']",제주특별자치도 제주시 내도동 475,제주시
453,돈내코,자연,"라오스에 블루라군이 있다면 제주도에는 돈내코 원앙폭포가 있다?! 신비한 푸르름을 고스란히 담고 있는 곳.
천상에 쉼터가 있다면 단연코 돈내코 계곡과 같으리라.
투명하고 시원한 물에 몸담고 있다보면 어느새 내 몸도 푸르게 물드는 느낌이다.
나만 보고싶은 마음에 소개하기 살짝 아까운 그곳^^",[],제주특별자치도 서귀포시 516로 (상효동),서귀포시
454,논짓물,자연,#여름#논짓물,"['#여름', '#논짓물']",제주특별자치도 서귀포시 하예동,서귀포시
455,논짓물,자연,#여름#논짓물,"['#여름', '#논짓물']",제주특별자치도 서귀포시 하예동,서귀포시
456,하예포구(예래포구),자연,#예래포구,['#예래포구'],제주특별자치도 서귀포시 하예동,서귀포시
457,하예포구(예래포구),자연,#예래포구,['#예래포구'],제주특별자치도 서귀포시 하예동,서귀포시
458,서귀포해안,자연,"#제주도 #겨울여행 #겨울의시작 #제주관광<br>1년에 한번 나를 위한 여행을 가는데 올해는<br>오랬만에 제주도로 가고싶어서 다녀왔다. <br>6번 올레길을 돌며 찍은것이다.
#제주 겨울 #제주겨울","['#제주도', '#겨울여행', '#겨울의시작', '#제주관광', '#제주', '#제주겨울']",제주특별자치도 서귀포시 서호동,서귀포시
459,서귀포해안,자연,"#제주도 #겨울여행 #겨울의시작 #제주관광<br>1년에 한번 나를 위한 여행을 가는데 올해는<br>오랬만에 제주도로 가고싶어서 다녀왔다. <br>6번 올레길을 돌며 찍은것이다.
#제주 겨울 #제주겨울","['#제주도', '#겨울여행', '#겨울의시작', '#제주관광', '#제주', '#제주겨울']",제주특별자치도 서귀포시 서호동,서귀포시
460,상효원,자연,#제주가을 #제주상효원 #제주상효원수목원,"['#제주가을', '#제주상효원', '#제주상효원수목원']",제주특별자치도 서귀포시 상효동 산 25,서귀포시
461,한라생태숲,자연,무료이고 잘정비되어있는것에 비해 사람이 적어서 좋았다. 트레킹이라해서 걱정 좀 했는데 노약자들도 걸을수있게 잘 꾸며져있음,"['#걷기', '#힐링', '#가족', '#혼자']",제주특별자치도 제주시 용강동 산 14-1,제주시
462,돈내코유원지,자연,#육감만족,['#육감만족'],제주특별자치도 서귀포시 상효동 1460,서귀포시
463,소정방폭포,자연,#여름 #소정방폭포 #시원함 #정방폭포가문을닫아버리고찾은소정방폭포 #여름탈출,"['#여름', '#소정방폭포', '#시원함', '#정방폭포가문을닫아버리고찾은소정방폭포', '#여름탈출']",제주특별자치도 서귀포시 동홍동 234-8,서귀포시
464,도두항,자연,제주도 도두 야경,"['#도두', '#야경', '#제주', '#제주도야경', '#밤하늘']",제주특별자치도 제주시 도두1동 2605-8,제주시
465,자구리공원,자연,#자구리정방 #제주바다 #제주 #바다 #섭섬 #이중섭화가의그림처럼,"['#자구리정방', '#제주바다', '#제주', '#바다', '#섭섬', '#이중섭화가의그림처럼']",제주특별자치도 서귀포시 서귀동 70,서귀포시
466,사라봉,자연,#산과오름 #사라봉 #산지등대,"['#산과오름', '#사라봉', '#산지등대']",제주특별자치도 제주시 건입동 388,제주시
467,사라봉공원,자연,일주일에 한 번 이상 산책하는곳 몸과 마음을 편안하게 모든것을 내려놓는 유일한 시간,"['#봄', '#걷기', '#혼자']",제주특별자치도 제주시 사라봉동길 74 (건입동),제주시
468,영실기암,자연,#제주여행#영실#선작지왓,"['#제주여행', '#영실', '#선작지왓']",제주특별자치도 서귀포시 하원동,서귀포시
469,도순다원,자연,#도순다원 #다원,"['#도순다원', '#다원']",제주특별자치도 서귀포시 도순동 1-1,서귀포시
470,별도봉,자연,맘이 답답할때 탁트이는 전망과 함께 힐링할수있는 곳~,"['#제주컬러어택', '#별도봉', '#장수산책길']",제주특별자치도 제주시 선반로 (화북일동),제주시
471,용두암해안도로카페거리,자연,#용두암#바람부는해안서다짐#무서운Q도,"['#용두암', '#바람부는해안서다짐', '#무서운Q도']",제주특별자치도 제주시 용담3동,제주시
472,용두암해안도로카페거리,자연,#용두암#바람부는해안서다짐#무서운Q도,"['#용두암', '#바람부는해안서다짐', '#무서운Q도']",제주특별자치도 제주시 용담3동,제주시
473,다끄네포구(용담포구),자연,#용담포구,['#용담포구'],제주특별자치도 제주시 용담3동,제주시
474,다끄네포구(용담포구),자연,#용담포구,['#용담포구'],제주특별자치도 제주시 용담3동,제주시
475,강정천유원지,자연,"강정천에서 여름에 백숙 닭볶음 은어튀김 새우튀김등,
시원하게 물놀이 하면서 먹을수 있당~♡
매년 여름마다 가는곳ㅎ",[],제주특별자치도 서귀포시 강정통물로 (강정동),서귀포시
476,도두해안도로,자연,아이가 무지개를 너무 좋아하여. 비행기 타기전 마지막 코스로.. 도두해안도로에 있는 무지개돌에 도착. 도두해안도로부터 2시간 가까히 걷기. 아름다운 바다와 바람을 온몸으로 느꼈다.,"['##제주도 #여행 #도두해안도로', '##제주 #여행 #걷기', '##제주도 #제주 #제주바다']",제주특별자치도 제주시 도두2동 706-3,제주시
477,산지천,자연,#산지천동문시장성안에서놀자,['#산지천동문시장성안에서놀자'],제주특별자치도 제주시 건입동,제주시
478,쉬리의언덕,자연,#쉬리의언덕 #쉬리촬영지 #색달해변 #풍경좋은곳,"['#쉬리의언덕', '#쉬리촬영지', '#색달해변', '#풍경좋은곳']",제주특별자치도 서귀포시 색달동 3039-1,서귀포시
479,원당봉,자연,#산과오름#원당봉,"['#산과오름', '#원당봉']",제주특별자치도 제주시 삼양일동 산 1-2,제주시
480,월평포구,자연,#추억 #아름다운바다 #아름다운제주 #아름다운노을 #서귀포가볼만한곳,"['#추억', '#아름다운바다', '#아름다운제주', '#아름다운노을', '#서귀포가볼만한곳']",제주특별자치도 서귀포시 월평동 665-4,서귀포시
481,이호테우해수욕장,자연,이호테우해수욕쟝,"['#이호테우해수욕장', '#해수욕장', '#제주도', '#제주시티투어']",제주특별자치도 제주시 이호2동 1600-1,제주시
482,이호테우해수욕장,자연,이호테우해수욕쟝,"['#이호테우해수욕장', '#해수욕장', '#제주도', '#제주시티투어']",제주특별자치도 제주시 이호2동 1600-1,제주시
483,제지기오름,자연,#제지기오름#서귀포시내에서 가까운 오름. 왕복 40분이면 정상까지 오를수 있다. 전망대에서 서귀포시내를 내려볼수 있는조망과 섬과 바다 멋을 즐길수 있다.,"['#제지기오름', '#서귀포시내에서']",제주특별자치도 제주시 이호2동 1600-1,서귀포시
484,제지기오름,자연,#제지기오름#서귀포시내에서 가까운 오름. 왕복 40분이면 정상까지 오를수 있다. 전망대에서 서귀포시내를 내려볼수 있는조망과 섬과 바다 멋을 즐길수 있다.,"['#제지기오름', '#서귀포시내에서']",제주특별자치도 제주시 이호2동 1600-1,서귀포시
485,걸매생태공원,자연,"제주도민이의 추천으로 간곳이었어요,,,매화꽃이 활짝폈어어요
유체꽃도 장난이니게 좋았었구요...강추합니다",[],제주특별자치도 서귀포시 남성로 (서홍동),서귀포시
486,검멀레동굴,자연,"우도의 신비로운 동굴, 파도가 바로앞까지 부딪히며 검은 돌들을 씻겨 내려가는 모습을 고스란히 볼수있는 넘나 아름다운 곳
동굴이 생각보다 작았지만, 색다른 경험이였는데
아쉬운건 안전모가 있는 보관함의 상태가 안좋았고, 주변 여행자들의 흔적이 곳곳에 있어 아름아운 자연을 곧 못볼수도있겠다...라는 생각이 들었던 곳.",[],제주특별자치도 제주시 우도면,제주시
487,돔베낭골,자연,#돔베낭골 #올레길 #7코스 #화산암해변 #바다 #산책,"['#돔베낭골', '#올레길', '#7코스', '#화산암해변', '#바다', '#산책']",제주특별자치도 서귀포시 호근동,서귀포시
488,민오름(봉개동),자연,#제주도 가을사진 오늘찍어서 올립니다.<br>관광지보다 평범한 제주도 모습을 올려보아요<br> #제주가을,"['#제주도', '#제주가을']",제주특별자치도 제주시 칠오름길 (봉개동),제주시
489,보목포구,자연,#여름 #서귀포 #보목포구 #보목항 #투명한바다 #깨끗한바다 #스노쿨링 장비가 없어서 아쉬웠지만 #물고기 가 선명하게 바로 보이는 #아름다운바다 #제주바다 #서귀포바다,"['#여름', '#서귀포', '#보목포구', '#보목항', '#투명한바다', '#깨끗한바다', '#스노쿨링', '#물고기', '#아름다운바다', '#제주바다', '#서귀포바다']",제주특별자치도 서귀포시 보목동 566-3,서귀포시
490,산지등대,자연,산지등대로 올라가면서 보이는 경치가 너무 예뻐요~ 어스름히 지는 야경을 감상하기에 좋았던 곳!,[],제주특별자치도 제주시 사라봉동길 108-1 (건입동),제주시
491,어리목계곡,자연,"#제주에서만나는눈
#눈이좋은똥강아지들
#나는만삭임산부
#아빤사진작가
#겨울도아름다운제주","['#제주에서만나는눈', '#눈이좋은똥강아지들', '#나는만삭임산부', '#아빤사진작가', '#겨울도아름다운제주']",제주특별자치도 제주시 해안동 산 220-13,제주시
492,어리목계곡,자연,"#제주에서만나는눈
#눈이좋은똥강아지들
#나는만삭임산부
#아빤사진작가
#겨울도아름다운제주","['#제주에서만나는눈', '#눈이좋은똥강아지들', '#나는만삭임산부', '#아빤사진작가', '#겨울도아름다운제주']",제주특별자치도 제주시 해안동 산 220-13,제주시
493,삼각봉,자연,"한라산 관음사 코스중 삼각봉대피소! <br>절경이 최고! <br>열심히 올라와서 먹는 김밥이란 최고!!!

#제주#제주여행#삼각봉대피소#삼각봉#관음사코스","['#제주', '#제주여행', '#삼각봉대피소', '#삼각봉', '#관음사코스']",제주특별자치도 제주시 해안동 산 220-13,제주시
494,삼각봉,자연,"한라산 관음사 코스중 삼각봉대피소! <br>절경이 최고! <br>열심히 올라와서 먹는 김밥이란 최고!!!

#제주#제주여행#삼각봉대피소#삼각봉#관음사코스","['#제주', '#제주여행', '#삼각봉대피소', '#삼각봉', '#관음사코스']",제주특별자치도 제주시 해안동 산 220-13,제주시
495,엉덩물계곡,자연,#서귀포 #중문 #엉덩물계곡 #유채꽃,"['#서귀포', '#중문', '#엉덩물계곡', '#유채꽃']",제주특별자치도 서귀포시 색달동 2889-1,서귀포시
496,황우지해안 열두굴,자연,#황우지해안#바다수영#자연수영장,"['#황우지해안', '#바다수영', '#자연수영장']",제주특별자치도 서귀포시 서홍동 764-1,서귀포시
497,대포포구,자연,작지만. 멋진 대포포구 대포항,"['#제주컬러어택', '#대포항', '#대포포구']",제주특별자치도 서귀포시 대포동,서귀포시
498,"미악산 (f오름, 쌀오름, 솔오름)",자연,"미악산은 쌀오름 솔오름이라고도 부른다. 서귀포 중산간인 산록남로 바로 옆에 위치한다. 해발고도는 높지만 표고는 그리 높지 않다. A코스와 B코스가 경사도가 좀더 급하다.
전체적으로 삼나무와 편백 그리고 난대림이 혼합되어져있는 오름이다. 정상에서 바라보는 경치도 추천할만한다.
#미악산 #쌀오름 # 솔오름","['#미악산', '#쌀오름']",제주특별자치도 서귀포시 동홍동 산 7-1,서귀포시
499,삼화포구,자연,#제주시 #삼양동 #삼화포구 #한치물회,"['#제주시', '#삼양동', '#삼화포구', '#한치물회']",제주특별자치도 제주시 삼양일동 1775,제주시
500,절물오름(큰대나),자연,#산과오름 #절물오름 가족과함께 늦은여름휴가 왔습니다.,"['#산과오름', '#절물오름']",제주특별자치도 제주시 명림로 584 일대,제주시
501,방선문,자연,현재 직접 가까이 가볼 순 없고 옆으로 산책길 있어서 내려다 보는 겁니다 멋져요 볼만해요,"['#겨울', '#걷기', '#가족']",제주특별자치도 제주시 오라2동 3322,제주시
502,방일리공원,자연,제주시 노형동 방일리공원!,[],제주특별자치도 제주시 노형동 3812-1,제주시
503,베릿네오름,자연,날씨가 좋아서 천제연 폭포 하류에 있는 조그만한 오름에 올라 찍은 풍경 입니다.,[],제주특별자치도 서귀포시 중문동 2273,서귀포시
504,삼매봉,자연,#삼매봉 #올레7코스 #서귀포삼매봉 #오름,"['#삼매봉', '#올레7코스', '#서귀포삼매봉', '#오름']",제주특별자치도 서귀포시 서홍동 819,서귀포시
505,삼양해안도로,자연,"우리의 신혼!
뱃 속에 우리 아가 설날이가 무럭무럭 자라느라 입덧하는 나를 위한 우리 신랑의 선물??
나오니깐 입덧도 달아나고 너무 좋다!",[],제주특별자치도 제주시 삼양2동,제주시
506,시크릿가든촬영지,자연,#시크릿가든촬영지 #중문 #씨에스호텔 #행복가득한곳 #넘나신나,"['#시크릿가든촬영지', '#중문', '#씨에스호텔', '#행복가득한곳', '#넘나신나']",제주특별자치도 서귀포시 중문동 2563-1,서귀포시
507,오백나한,자연,산 위에 뾰족하게 올라온 많은 봉우리들이 하늘로 승천하는 장군같다 하여 이름 붙여졌다고 합니다.,[],제주특별자치도 서귀포시 영실로 245 (하원동),서귀포시
508,월대천,자연,"제주 제주시 월대6길 5. 제주의 숨은 비경 31 중 하나로, 제주공항에서 15분 내외 걸리는 제주시내와 인접한 관광 명소입니다. 제주도민에게는 여름철 더위를 날려줄 시원한 계곡이며, 관광객들에게는 바다 이외의 볼거리를 제공해서 유명합니다.",[],제주특별자치도 제주시 외도2동 232-1,제주시
509,제주4.3평화공원,테마관광,이용시간 6시까지 인거 보고 5시5분에 들어갔는데 5시까지 입장마감이라고 전시관 들어가지 못하게 하네요. 입장마감시간 어디에 써놨냐니까 전시관 앞에 써놓았고 인터넷에도 그렇게 올려놨다고 하는데 마감시간 안내는 어디에서도 찾을 수가 없었어요. 다른사람들은 전화로 문의하고 오는데 확인도 안하고 오느냐며 이상한사람 취급당했어요. 항의하는 와중에도 사람들이 (심지어 10명 넘는 단체까지) 계속오던데 참 안타깝네요. 대형 박물관도 아니고 1시간전에 입장마감하는건 너무 심한것 같아요. 사이트에 입장마감시간 정확히 올리시길.,"['##제주43', '##제주43평화기년관', '##제주43사건']",제주특별자치도 제주시 명림로 430,제주시
510,중문관광단지,테마관광,#여름 #미소가 중문에 위치한 제주흑돼지 제육쌈밥 맛집 입니다. 양도 푸짐 가격은 저렴한 굿~♡,"['#여름', '#미소가']",제주특별자치도 서귀포시 중문관광로72번길 35,서귀포시
511,제주러브랜드,테마관광,그냥 그랬어요,"['#저녁', '#애인', '#친구']",제주특별자치도 제주시 1100로 2894-72,제주시
512,제주러브랜드,테마관광,그냥 그랬어요,"['#저녁', '#애인', '#친구']",제주특별자치도 제주시 1100로 2894-72,제주시
513,박물관은 살아있다,테마관광,다양한 장면설정이 흥미롭고 단순 감상이 아니라 직접 작품에 참여할수 있어서 살아있는 박물관을 체험했습니다^^,"['##5월엔제주', '#박물관은 살아있다', '#어린이가족여행']",제주특별자치도 제주시 1100로 2894-72,서귀포시
514,박물관은 살아있다,테마관광,다양한 장면설정이 흥미롭고 단순 감상이 아니라 직접 작품에 참여할수 있어서 살아있는 박물관을 체험했습니다^^,"['##5월엔제주', '#박물관은 살아있다', '#어린이가족여행']",제주특별자치도 제주시 1100로 2894-72,서귀포시
515,김경숙해바라기농장,테마관광,#제주 #여름 #여행 #해바라기 #김경숙해바라기농장 #해바라기아이스크림 #혼자여행 #여름휴가 #사랑해제주,"['#제주', '#여름', '#여행', '#해바라기', '#김경숙해바라기농장', '#해바라기아이스크림', '#혼자여행', '#여름휴가', '#사랑해제주']",제주특별자치도 제주시 번영로 854-1,제주시
516,감귤박물관,테마관광,"체험도 하고
맛난 차도 마실수 있는 감귤박물관^^",[],제주특별자치도 서귀포시 효돈순환로 441,서귀포시
517,탑동,테마관광,#제주의일상 #제주풍경,"['#제주의일상', '#제주풍경']",제주특별자치도 제주시 중앙로 2,제주시
518,탑동,테마관광,#제주의일상 #제주풍경,"['#제주의일상', '#제주풍경']",제주특별자치도 제주시 중앙로 2,제주시
519,탑동해변공연장,테마관광,7월 26일 금요일부터 매일 저녁 탑동해변공연장에서 한여름밤의 예술축제가 열립니다.?????????? 남녀노소 누구나 무료로 관람 가능하오니 함께해주세요 ???? ?? 일시 : 7/26 (금) - 8/1(목) 19:30 ?? 장소 : 탑동해변공연장,"['#제주축제', '#제주문화축제', '#제주문화행사', '#2019한여름밤의예술축제']",제주특별자치도 제주시 중앙로 2,제주시
520,탑동해변공연장,테마관광,7월 26일 금요일부터 매일 저녁 탑동해변공연장에서 한여름밤의 예술축제가 열립니다.?????????? 남녀노소 누구나 무료로 관람 가능하오니 함께해주세요 ???? ?? 일시 : 7/26 (금) - 8/1(목) 19:30 ?? 장소 : 탑동해변공연장,"['#제주축제', '#제주문화축제', '#제주문화행사', '#2019한여름밤의예술축제']",제주특별자치도 제주시 중앙로 2,제주시
521,테디베어뮤지엄제주,테마관광,인형사왔네요 ㅎㅎ,"['#쇼핑', '#테디베어', '#중문']",제주특별자치도 서귀포시 중문관광로110번길 31,서귀포시
522,퍼시픽 리솜 마린스테이지,테마관광,"I went there with my friends, thinking it was an aquarium, and I do not recommend this place at all! What theyre doing to this beautiful animals is pure cruelty. We can obviously see the intensive training, the abuse and the fear these poor animals (monkeys, dolphins) are going through. There was a baby dolphin completely lost and unable to do the show in this tiny tank, but they forced the adults to do the show again and again, until the baby succeeded it. The baby ended up banging his head on the wall.. It was just unbearable to watch. After that, no food in return for the others. The animals shouldnt be here, and treated like that. Im surprised no one launched a petition against this facility yet. Its just pure sadness, cruelty, and the owner should be ashamed... I do not recommend it.",[],제주특별자치도 서귀포시 중문관광로 154-17,서귀포시
523,민속자연사박물관,테마관광,생갓했던 것보다 훨씬 볼거리가 많고 흥미로왔던 곳입니다..개인적으로 적극추천^^,[],제주특별자치도 제주시 삼성로 40,제주시
524,서귀포항,테마관광,"#제주가을
#서귀포항","['#제주가을', '#서귀포항']",제주특별자치도 서귀포시 칠십리로72번길 14,서귀포시
525,넥슨컴퓨터박물관,테마관광,일요일날 가서인지 사람들 너무 많아서 여러가지 체험할 수가 없었음...결론은 8000원 아까웠음..평일날 가시는 거 추천,"['#혼자', '#힐링', '#여름']",제주특별자치도 제주시 1100로 3198-8,제주시
526,서귀포칠십리시공원,테마관광,"매련 봄가을로 찾아오는 제주인데, 새로운 보물을 발견한 기분이예요. 공원에서 바라다 본 천지연 폭포는 정말 아름답습니다. 안내 직원도 매우 친절하였어요. 감동입니다","['#가을', '#힐링', '#아내', '#천지연']",제주특별자치도 서귀포시 서홍동 576-9,서귀포시
527,제주다원 녹차미로공원,테마관광,"녹차를 좋아하는 사람들이 들리기 좋은 제주도
제주에서 진정한 힐링은 휴식하는 시간
우리의 차를 즐기며 다향 속에서 함께 하는 시간이 좋아요",[],제주특별자치도 서귀포시 서홍동 576-10,서귀포시
528,제주유리박물관,테마관광,절대 올 곳이 못 됩니다. 안내하는 분도 없고 특히 장애인에 대한 배려도 없이 무작정 입장 시키고사고에 위험성을 인지 하지도않고 무성의 합니다. 효리민박이나 어느 방송사에서 여길 추천을 한것에 좀 실망입니다. 환불해 줘야 하는거 아닌지...중간도 가지못하고 휠체어에서 떨어질 상황까지 갔습니다.. 매우 위험 합니다.,"['#가족여행', '#애인', '#친구', '#직장동료', '#혼자', '#레포츠', '#미식', '#여름']",제주특별자치도 서귀포시 중산간서로 1403,서귀포시
529,노루생태관찰원,테마관광,심쿵한 노루도 보고 먹이도 주고! 입장료 천원에 먹이 천원 가격도 저렴하구 힐링할 수 있는 코스라 추천해요 ?? 아이들이 정말 좋아할 것 같아요 노루 볼 수 있는 기회가 흔치 않으니깐요 :),"['#5월엔제주', '#노루생태관찰원', '#노루']",제주특별자치도 제주시 명림로 520,제주시
530,신비의도로,테마관광,신기해요 !!,"['#도깨비도로', '#신비의도로', '#관광']",제주특별자치도 제주시 1100로 2894-63,제주시
531,제주별빛누리공원[제한적운영중],테마관광,#6감만족,['#6감만족'],제주특별자치도 제주시 선돌목동길 60,제주시
532,국립제주박물관,테마관광,#국립제주박물관#카라#분수대,"['#국립제주박물관', '#카라', '#분수대']",제주특별자치도 제주시 일주동로 17,제주시
533,번개과학체험관,테마관광,#여름 #번개과학체험관 #한라산,"['#여름', '#번개과학체험관', '#한라산']",제주특별자치도 서귀포시 토평공단로 78-27,서귀포시
534,세계조가비박물관,테마관광,すばらしい博物館でした。great palce!!,[],제주특별자치도 서귀포시 태평로 284,서귀포시
535,세계조가비박물관,테마관광,すばらしい博物館でした。great palce!!,[],제주특별자치도 서귀포시 태평로 284,서귀포시
536,용담레포츠공원,테마관광,#올레길 #17코스 #제주올레길17코스 #제주올레길 #제주바다 #제주밤바다 #밤바다 #넋놓고 보게 됩니다,"['#올레길', '#17코스', '#제주올레길17코스', '#제주올레길', '#제주바다', '#제주밤바다', '#밤바다', '#넋놓고']",제주특별자치도 서귀포시 태평로 284,제주시
537,용담레포츠공원,테마관광,#올레길 #17코스 #제주올레길17코스 #제주올레길 #제주바다 #제주밤바다 #밤바다 #넋놓고 보게 됩니다,"['#올레길', '#17코스', '#제주올레길17코스', '#제주올레길', '#제주바다', '#제주밤바다', '#밤바다', '#넋놓고']",제주특별자치도 서귀포시 태평로 284,제주시
538,석부작박물관,테마관광,제주돌 위에 나무를 심은 석부작들이 전시되어 있는 박물관이에요... 하귤이 튼실하게 열려있는 아름다운 곳,[],제주특별자치도 서귀포시 일주동로 8941 (호근동),서귀포시
539,아이스뮤지엄,테마관광,"#아이스뮤지엄
#수목원파크
#얼음썰매","['#아이스뮤지엄', '#수목원파크', '#얼음썰매']",제주특별자치도 제주시 은수길 69,제주시
540,아프리카박물관,테마관광,#제주아프리카박물관,['#제주아프리카박물관'],제주특별자치도 서귀포시 이어도로 49,서귀포시
541,초콜릿랜드,테마관광,#여름 #초콜릿랜드 중문관광 단지내에 위치해 있으면 즐거운 체험과 볼거리 다양..♡♡,"['#여름', '#초콜릿랜드']",제주특별자치도 서귀포시 중문관광로110번길 15,서귀포시
542,브릭캠퍼스,테마관광,시내에서 가까운 제주 브릭캠퍼스,"['#브릭캠퍼스', '#제주여해', '#제주시가볼만한곳']",제주특별자치도 제주시 1100로 3047,제주시
543,서귀포예술의전당,테마관광,가을밤. 재즈공연 문화가 있는 수요일,[],제주특별자치도 서귀포시 태평로 270,서귀포시
544,세리월드 테마파크,테마관광,#제주가을 #세리월드미로공원 생각보다 알차고 미로를 통과하는게 너무너무 어려워서 멘붕이 왔어요..그래도 통과후에 종치는 쾌감 강추합니다..^^,"['#제주가을', '#세리월드미로공원']",제주특별자치도 서귀포시 법환상로2번길 97-13,서귀포시
545,스페이스닷원,테마관광,#우연히 #도착한 #스페이스닷원 #카카오본사 #내 #꿈의직장,"['#우연히', '#도착한', '#스페이스닷원', '#카카오본사', '#내', '#꿈의직장']",제주특별자치도 제주시 첨단로 242,제주시
546,제주난타,테마관광,#재밌고 독특했던 난타전용관에서의 추억!,['#재밌고'],제주특별자치도 제주시 선돌목동길 56-26,제주시
547,한국야구명예전당(야구박물관),테마관광,야구가 같은 팀이 매어준 커플~~??ㅎ 요것이 한몫 했을 수도~~^^,[],제주특별자치도 서귀포시 중산간서로 97-1,서귀포시
548,한라산영실코스,도보,가족과 함께한 제주도 한라산 영실코스 맑은 하늘과 아름다운 풍경이 지금도 아련히 떠오릅니다.,"['#제주컬러어택', '#한라산', '#한라산영실']",제주특별자치도 서귀포시 영실로 246,서귀포시
549,제주올레 7코스,도보,아침으로 김만복포장한후 해안가에서 먹으려고 보니 유채꽃밭이 이쁘게 있더라구요 한적하고 사진도 이쁘게찍혔어요 드라이브코스로도 좋고 바다 유채 다 볼수있어서 좋았네요^^,"['#서귀포해안가', '#가족사진', '#제주도가족여행', '#유채꽃밭', '#제주도가족여행']",제주특별자치도 서귀포시 서홍동 795-1,서귀포시
550,제주올레 8코스,도보,한라산에 첫눈이 오던날 1100고지 가볍게 트래킹후 8코스에서 만난 눈쌓인 한라산의 자태가 인상깊었던 날,[],제주특별자치도 서귀포시 예래해안로 256,서귀포시
551,제주올레 18코스,도보,"#올레길 18코스 #우리동네 #급트레킹 #완벽한 날씨 #노을 #사라봉 #별도봉 #화북동 #혼자 생각정리하기

#혼자라도 괜찮아요","['#올레길', '#우리동네', '#급트레킹', '#완벽한', '#노을', '#사라봉', '#별도봉', '#화북동', '#혼자', '#혼자라도']",제주특별자치도 제주시 삼양1동 1131-2,제주시
552,제주올레 6코스,도보,#제주가을#올레6코스#제주올레걷기축제#참가#하효항#서귀포칠십리시공원#소천지#이중섭길#칼호텔,"['#제주가을', '#올레6코스', '#제주올레걷기축제', '#참가', '#하효항', '#서귀포칠십리시공원', '#소천지', '#이중섭길', '#칼호텔']",제주특별자치도 서귀포시 보목동 1377-4,서귀포시
553,제주올레 17코스,도보,"#제주보리
#도두마을
#올레길17코스
도두마을을 걷노라면 즐겁다
벽화구경을 하고나면 봄꽃들이 맞이하고 보리밭의 바람이 장난치는 모습들.. 보리밭과 한라산이 멋지게 보인다
가파도의 보리밭도 멋지지만 도두마을의 보리밭도 이쁘다
배를 못타는 분들은 이곳에서 즐기기를 권한다","['#제주보리', '#도두마을', '#올레길17코스']",제주특별자치도 제주시 도두1동 2612-1,제주시
554,숫모르편백나무숲길,도보,"제주생태공원에서 절물자연휴양림으로 이어지는 걷기 좋은 길이다.
#숫모르편백나무숲길 #숫모르숲길 #편백나무 #숲길","['#숫모르편백나무숲길', '#숫모르숲길', '#편백나무', '#숲길']",제주특별자치도 제주시 516로 2596,제주시
555,삼의악트레킹코스,도보,#산과오름 #삼의악오름,"['#산과오름', '#삼의악오름']",제주특별자치도 제주시 아라동 산 24-2,제주시
