,place_name,comment,rating,date,userid
0,어랑어랑,너무 맛있는 고등어회ㅠㅠ 부드럽고 신선하고 비리지 않아 좋았어요.  톳전 이랑 게우 조배기(메밀 수제비 + 전복 내장) 국 너무 맛있었어요.  행복한 저녁 :) 번창하세요~ ,5,2021.09.17.,유리
1,어랑어랑,고등어회는 비리다는 생각을가지고있었는데 너무 맛있었어요~ 친절한 사장님 두분 다음에 또 방문할께요!,5,2021.09.11.,영하
2,어랑어랑,맛잇어요,5,2021.02.10.,jm
3,어랑어랑,,1,2020.11.09.,은방울꽃
4,어랑어랑,벵어돔 엉망ㅠ 옥돔구이? 옥돔도 아님ㅠㅠ,1,2020.08.24.,나야 나
5,어랑어랑,정직한 맛! 현지 분들이 많이 오는 곳 같아요,5,2020.07.27.,ㄹㄹ
6,어랑어랑,회 포장했는데 반찬도 좋고 괜찮습니다~,5,2020.06.30.,지금 행복하자!
7,어랑어랑,일단 현지인 맛집은 아니구요 현지인들 이렇게 비싸게 안먹습니다 ㅎㅎㅎ 회야 뭐 근처 모든 횟집들 자연산이니 평가할게없고 비쌉니다 회 안먹으면 눈치도 보이고... 개인적으로 비 추천입니다,1,2020.06.05.,지영이네 집
8,어랑어랑,도민 맛집인 집입니다. 반찬도 다 맛있구요. 횟감들도 다낚시로 잡는다고 합니다. 꼭한번 들려보세요~ ,5,2020.05.08.,평가자
9,어랑어랑,친절하고 맛도 괜찮아요,5,2019.11.07.,바다를달리는고양이
10,어랑어랑,기본이 안되어 있습니다 손님이 모른다고 나오는 찬이 달라요 회도 맛이 없고 저렴한 비용도 아닌데 실망입니다,1,2019.10.27.,도리스
11,어랑어랑,"뜻밖의 간장 게장 맛집. 신선한 회도 좋았지만, 간장 게장이랑 김치로 끓여낸 매운탕 맛이 좋았어요~ㅎ",5,2019.07.28.,KID 김정균
12,어랑어랑,최악이네요,1,2018.05.05.,골목식당
13,온평바다한그릇,딱새우 가격.. 전국 경쟁으로 가격 폭등 밑에 돌대xx는 뭐지?,5,2021.10.20.,하대영
14,온평바다한그릇,여기도 장사가 좀 되나 봅니다 가격 올린거 보면 제주는 장사 좀 되면 가격 막 올리는 상점들 햐~~ 딱새우회 2만원이었는데 2021년 4월부터 1만원이나 올랐네요.  낭패다 낭패. 적당히 올려야죠. 서울처럼 장사가 안돼봐야 정신차리지. 그래서 많이 찾아가면 안돼. 딱새우는 원래 전라도에서 공수해 오는 것으로 아는데 전남도 가서 먹읍시다.,1,2021.09.08.,병욱이
15,온평바다한그릇,상대적으로 저렴하게 이것저것 먹을 수 있어서 좋았고 다 맛있었어요! 늦은시간 택시 잡으려고 여쭤봤더니 가까운 곳이라 마감하시고 숙소로 데려다주셔서 너무너무 감사했습니다 ㅎㅎ,5,2021.09.07.,박철우
16,온평바다한그릇,성산일출봉 바라보면서 맛난거까지 먹으니 기분 완전 조아요:),5,2021.08.20.,제늬🧚
17,온평바다한그릇,멀리 성산일출봉보며 한잔 한곳,5,2021.07.25.,에폭시신나
18,온평바다한그릇,사장님 주차대신해주셔서 감사합니다 운전맛집,5,2021.07.05.,구현모
19,온평바다한그릇,물회 전복죽 회덮밥 추천 할머니 여행와서 처음으로 밥한공기 다드심,5,2021.07.05.,윤서진
20,온평바다한그릇,해산물 구성변경가능하니 참고하세요,5,2021.07.05.,김진후
21,온평바다한그릇,딱새우 가격이 맣이 올랐다고하네요 ㅠㅠ 작년에 오고 또 왔는데 딱새우 가격오른거 빼곤 굿굿,4,2021.07.05.,송현민
22,온평바다한그릇,애기먹을게 없어서 걱정했는데 김 무한리필로 주시네요 ㅋㅋㅋㅋ 역시 해산물은 가성비 굿,5,2021.07.02.,고창민
23,온평바다한그릇,예약이 안되는거 빼곤 다 좋네요 뷰좋고 맛좋고 가격좋고,4,2021.07.02.,Tomas Lien
24,온평바다한그릇,다들 물회 꼭드세요!!!!!!!!물회맛집!!!!!!,5,2021.07.02.,김지연
25,온평바다한그릇,한치물회 활어로 나오는데 만삼천원밖에안해요…도민맛집,5,2021.07.01.,고승리
26,온평바다한그릇,고등어회 안비리고 너무맛있네요!! 라면은 엄청맛있는건 모르겠는데 괜찮아요!,4,2021.07.01.,정선미
27,온평바다한그릇,마감시간이9시라 부랴부랴 먹었네요 ㅠㅠ 고등어회에 나오는 특제소스(?)개존맛진심 집에싸갈뻔,5,2021.07.01.,김대현
28,온평바다한그릇,"저는 5월31일자 블로그(해산물 모듬 소짜)를 보고 해산물 모듬 대짜를 주문했는데, 불과 6일차이가 나는데 대짜리가 소짜리하고 양 차이를 제가 못느끼겠어요... 가격은 소짜가 3만원이고 대짜가 5만원인데요.. 저도 관광지와서는 호구가 되어야 된다는 생각으로 왠만하면 즐겁게 먹는 편이긴 한데 다른 관광객하고 차이가 너무 나니 기분이 좋지 않네요.. 사장님은 ...",1,2021.06.06.,정대환
29,온평바다한그릇,"1. 해물라면 4.5점(12000원) 게가 신선하고 면과 국물 모두 맛있어요!!! 근데 해감 덜된조개(홍합)이 나와서 0.5점 뺐어요  2. 문제의 물회..2점 드립니다.(15000원) 물회전문점 아닌거 알지만 워낙 음식점 평도좋고 해서 시켰는데, 회가 양이적은건 둘째치고 물회 간이 하나도안됐어요 ㅜㅜ 저 물회 진짜진짜 좋아하고 그냥 물에 초장만넣어도 맛있...",3,2021.05.23.,조
30,온평바다한그릇,가게 갔는데 어서오세요 한마디 없어서 멀뚱멀뚱 서있다 자리앉았는데 쳐다만보구 주문도 안받..그래서 별점 3점.. 계산대가서 문어해물라면 2인 주문하구 먹었어요. 해물 신선해서 좋아요. 면도 일반라면 면발이 아닌 일본라멘면이라 맘에 들어요. 멀리서 일부러 찾아가서 먹을정도는 아니고 근처면 가서 먹을만.     *제주여행 마지막날 리뷰 몰아쓰는중* ,3,2021.05.15.,헤이쥬니
31,온평바다한그릇,나쁘지 않습니다. 해산물은 당연히 맛있어요. 근데 시장에서 사먹어도 같은 맛이에요.  라면은 제 입맛에 심심했어요. 싱거운 짬뽕 느낌?,3,2021.02.11.,이승민
32,온평바다한그릇,so so... frustrated.... Do not believe what they said..,1,2020.10.27.,from States
33,온평바다한그릇,해산물모듬 대짜리랑 해물라면이에요. 맛나요~ 뭐 딱히 엄청나게~ 친절하다 이런건 없었지만 음식은 해산물 싱싱하니 맛있어요. 라면은 추천. 해산물 비싸니 소+라면으로 추천합니다. 바다뷰쥑여요,4,2020.10.21.,해산물킬라
34,온평바다한그릇,신선한해물 모둠 구성도 넘좋고 맛집인데도 응대친절하세요,5,2020.10.21.,맛돼맛
35,온평바다한그릇,국물 스~원 하고 해물이 푸짐해서 개운한맛 매일먹고싶네요..해물라면 강추강추,5,2020.10.21.,우디닌
36,온평바다한그릇,이름값하는곳 푸짐하고 맛있음 해장으로 이집 라면 최고 또 소주를 부르는맛♡,5,2020.10.21.,맛집다이어터
37,온평바다한그릇,육지와서 해산물 먹을때마다 생각나는곳 ㅠ3ㅠ  여기 모둠 너무 신선하구 양많았는데....또가고싶습니당,5,2020.10.20.,마이따마이따
38,온평바다한그릇,신선해요 그리고 친절하고 깨끗해서 기본부터 맘에들엇던곳이에요 ~ 해물러버는 이렇게 맛집을 찾아갑니다^♡♡^,4,2020.10.20.,맛따녀
39,온평바다한그릇,딱 해물다운 해물을 파는곳인듯 !  구성+양 모두완벽했어요^^,5,2020.10.20.,오호아하
40,온평바다한그릇,해물라면 비추네요.  해물라면 이라기 보다 해물탕 느낌인데 정말 맛없더군요. ,1,2020.09.23.,th
41,온평바다한그릇,"좋아하던 곳이었어요. ㅠㅠ.  6개월만에 달라졌습니다. (2020년 2월 소자, 2020년 8월 대자. 전후사진 참고) ",3,2020.08.16.,손님
42,온평바다한그릇,"비린맛이 하나도 없어서 신선하다는게 바로 딱 느껴질정도라 좋더라구요!ㅎㅎㅎ 신선하니, 해산물잘 못먹는저도 맛있게 일행들이랑 잘먹고왔어요! 거기다 해산물라면도 취향저격이었어요~ㅎㅎ",5,2020.07.16.,송보명
43,온평바다한그릇,해산물이 신선하고 싱싱해서 좋았어요 양도  푸짐하고 좋았어요 그리구 해물라면!!! 꼭드세용 국물도 칼칼하고 맛있어요 뷰도 너무 이쁘고 기대이상으로 잘먹구 갑니닷,5,2020.07.16.,배미경
44,온평바다한그릇,딱새우회 너무 맛있았어요ㅠㅜ!!!! 해물라면도 엄청 맛있게 먹구왔습니당~ 깔끔하고 양도 푸짐해서 좋았어용,5,2020.07.16.,으뇽잉
45,온평바다한그릇,해산물 진짜 좋아하는데  역시 실망시키지않았어요ㅋ 너무  싱싱하고  맛있었어요~~라면은  진짜 해장하는 느낌~~ 양도 푸짐하고  괜찮은 식당이였어요!,5,2020.07.15.,김은지2
46,온평바다한그릇,이름 그대로 바다 한그릇 했어요 음식 신선하고 깔끔하게 나오고 맛 또한 엄청 맛나요~!!직원분들 친절하게 안내해 주셔서 좋았습니다:) 또 방문 할게요~!!,5,2020.07.15.,cpfldosl
47,온평바다한그릇,해산물모듬이랑 딱새우먹고왔어요 진짜 대박이에용!!! 진짜 엄청싱싱해요 작년에 다른데서 딱새우회 잘못먹었다가 이상해서 그뒤로 안먹을뻔했는데 남자친구가 맛있는곳이라며 데려가서 맛보여줬어요 ㅋㅋㅋ먹길잘해써용 싱싱하니 짱이네요!,5,2020.07.14.,♥️아름♥️
48,온평바다한그릇,해산물이 싱싱해서 잡냄새도 안나구 국물도 너무 시원해서 소주 당기는 맛 ! 그리고 무엇보다 경치가 너무 좋아서 밥먹는 내내 행복했어요 추천 ღ ,5,2020.07.13.,슬기
49,온평바다한그릇,해물이 신선한게 먹을때마다 느껴지네요!!ㅎㅎ 먹을때마다 보이는 뷰가 넘 예뻐서 더 맛있는것같아요^^ 사장님도 친절하시고 내부도 깔끔해서 넘 만족스러운 맛집이네요:),5,2020.07.13.,한솔
50,온평바다한그릇,뷰 좋고 해산물 진짜 싱싱해요 인스타감성 음식 비주얼도 입맛읗 자극하구요 비린맛도 1도 없고 정말 깔끔히 잘 먹었어요! 직원분들도 정말 친절하셔서 기분좋게먹구가요.,5,2020.07.12.,화영
51,온평바다한그릇,일단 바로 앞에 바다가 있어서 뷰가 너무 이뻐요 딱새우회와 해물라면 먹었는데 회가 너무 싱싱해서 좋아요 해물라면은 꼭 드세용 해물도 많구 국물도 칼칼해서 넘 맛있었어용,5,2020.07.12.,찐이
52,온평바다한그릇,기대이상으로 너무 좋았어요. 해산물도 너무 싱싱하고 특히 해물라면은 꼭 먹어줘야합니다!,5,2020.07.11.,안나
53,온평바다한그릇,평이나빠 고민했지만 바보같은고민이이었어요 술도안마셨는데 해장되는기분. 맛있게잘만먹고왔네요,5,2020.07.11.,수현
54,온평바다한그릇,해물라면이 얼큰하고 해산물도 많이 들어있어서 맛있었어요. 평이 너무 안좋아서 고민했는데 기대이상으로 맛있었어요!,5,2020.07.05.,밍
55,온평바다한그릇,"해물모듬 양이 완전 쉣이네요! 해안가에서 판매 하시는 해녀 할머니들 좌판에서 사먹는게 더 나을 듯! 그리고 현금결제 3만원의 기준이 딱 ""3만원""인지 ""3만 100원""인지 명확하게 해줬으면 좋겠어요! 해물모듬 3만원 짜리 먹고나서 앞에 붙은 글귀에 초콜릿 준다길래 일부러 현금 결제 했는데. 그냥 돈만받고 초콜릿을 안주네요! 딱히 친절한 느낌도 없고, 첫 끼...",1,2020.06.21.,냥라이언
56,온평바다한그릇,"뭐라고 해야할지 모르겠네요.. 오픈 시간에 맞춰서 가서 준비가 미흡하셨으려나.. 라면이 어정쩡하게 끓지도 않게 나오고, 맛이 닝닝하고, 그렇다고 해물이 많이 있지도 않네요 너무 기대가 높았을까요..",1,2020.06.08.,토리쟝
57,온평바다한그릇,맛없던데요? ㅜㅜ 질겨서 이빨 빠지는줄 알앗네 국물만 그런데로~ 별로 친절하지도 않은거 같고  재 방문의사 없음!!,1,2019.12.26.,KKANG
58,온평바다한그릇,캬 뷰 좋고 맛 좋고~~ 해산물 모듬은 구성 바꿀 수 있어서 좋네요 좋습당,5,2019.12.20.,굿뜨
59,온평바다한그릇,둘이서 해산물 작은거랑 라면 시키면 딱이네요 양도 괜찮고 맛있어요!!,5,2019.11.18.,김태환
60,온평바다한그릇,개개별 양을 조금씩 줄이고 종류를 늘리는게 좋겠네요.,3,2019.04.19.,하늘
61,온평바다한그릇,,5,2019.04.16.,고현규
62,로컬크랩,칠리새우는 칠리소스랑 맛이 잘어우러지는느낌   랍스타는 존맛 그자체 그값을 하는 느낌  한라봉에이드는 먹어본 한라봉 머시기중에 젤 맛있었음  추천함 ,5,2021.10.14.,ㅇㅇㅇ
63,로컬크랩,두명이서 5만원짜리 랍스타 두개를 시켰는데 댓글에는 서비스를 많이 주시던데 저희는 서비스가 없네요~,5,2021.04.07.,Today
64,로컬크랩,창렬 그자체.. 2년전에 갔을 땐 버킷에 랍스터도 있었는데 사라졌구요.. 다 말라비틀어진 새끼손톱만한 홍합과 마찬가지로 싱싱하지 않은 새우가 다네요. 먹을만한 걸 굳이 꼽자면 감자랑 옥수수 ㅜㅜ 제가 구황작물 먹으러 온것도 아니고 4만원 넘는 돈에 이렇게 먹고 가면 진짜 슬프다구요.. 2년전 추억이 다 까매졌어요,1,2020.10.20.,앨린
65,로컬크랩,쉬림프존맛입니다,5,2020.08.27.,굿
66,로컬크랩,제주도 여행을 일주일정도 다녀왔는데 그 일주일동안 먹은것들 중에 제일 맛있었어요  랍스타도 맛있고 딱새우도 맛있고 다 맛있었어요 서비스로 볶음밥도 주시고 ㅎㅎ 사장님들도 너무 친절하시기도 하구요 ㅎㅎ 바로 앞에 바다도 있고  사장님들도 너무 친절하셔서 먹는내내 맛있고 기분좋게 먹고 나왔네요 ㅎㅎ 다음에 제주도 갈 일이 생기면 무조건 또 갈거같네요!! 사장님...,5,2020.07.06.,이희현
67,로컬크랩,저도 주방장 출신인데 제주도 가서 삼촌소개로 가봤는데 정말 맛있더라고요 직원분들도 정말친절하고 일하시는 분들 다들 인상도 좋으세요 랍스타뿐만이 아니고 새우도 있고 이것저것 많더라구요 느끼하지 않고 소스 맛 아주 굿이 였어요 맛도 맛이지만 거그에 플러스 정말 분위기 맛집good~ 거기에 뷰도 정말 이쁘고 끝내줘요 뷰도 끝내줘요 바로 바다앞!제가 원래 이런거 ...,5,2020.07.06.,윤지현
68,로컬크랩,"댓글 정말 안쓰는 편인데 공익을 위해 작성한 댓글입니다.  2017년 김녕에 있을때 너무 좋아서 다시왔는데, 정말 최악이네요. 작년 후기만 보아도 홍합이며 가리비, 바지락까지 주시던데 저희는 딸랑 새우,딱새우,소라3개,옥수수5개가 전부였네요. 불과 6개월 사이에 무슨일이 있었던걸까요?  저희는 버킷씨푸드2인에 칠리새우,갈릭볶음밥 먹었는데 버킷씨푸드는 2인만...",1,2020.06.18.,ㅎㅇㅎㅇ
69,로컬크랩,"싼맛에 그렇지 못한가격... 가게에 애정이 떨어져도 이정도까지 갈수있나요...; 정말 기분잡치게 하는 가게......위생도 그다지...^,^",1,2020.06.18.,하하하
70,로컬크랩,버킷씨푸드 시켰는데 구성품이 새우 딱새우 감자 소라 옥수수뿐이어서 실망했어요......가격은 22000원인데...ㅎ 갈수록 가짓수도 줄어들고 메뉴도 줄어들고 볶음밥이 제일 맛있었네욤ㅎ,1,2020.06.18.,QWER
71,로컬크랩,보통이하의 집에서 만든 듯한 음식맛.. 맛대비 말도안되는 가격.. 비추입니다.,1,2020.06.15.,김성구
72,로컬크랩,제일 기대하고 간 제주맛집 이라고 갔는데 좀 지저분하고 맛도 솔직히 평범해요. 정말 기대이하 일 하시는 분들이 전체적으로 장사 마인드 부족,2,2020.02.19.,소살리토
73,로컬크랩,"직원들 너무 친절하고, 분위기도 너무 좋고 검색해서 찾아갔지만 대만족입니다! 이제 제주도 오면 꼭 가야겠어요 ^^",5,2020.02.09.,Hunhwan Lee（李宪焕）
74,로컬크랩,부모님 모시고 식사를 했는데 바다뷰와 함께 있어서 너무 맛있게 먹고 왔어요. 음식양도 푸짐하게 나와서 부모님도 모두 만족 하셨어요,5,2020.02.08.,까꿍
75,로컬크랩,야외에서 바라볼때 많이 한국같지 않은 분위기여서 어떤 곳인가 들어가봤는데 분위기짱! 음식도짱!이런곳을 이제야 알게되어서 다음엔 가족들하고 찾아오려고요~ 사람마다 입맛이 다르다고 하지만 저는 추천해드립니다!!,5,2020.02.08.,S.T
76,로컬크랩,지난여름에 제주도여행가서 우연히 갔다가 너무 맛있게 먹었어요   이번에 또 제주도여행을가게 됐는데 고민할 필요없이 재방문했습니다^^ 역시나 너무 맛있고  배불리 먹었어요  다음에 제주도 가게되면 또갈꺼예요 ㅎㅎ 음식맛도 맛이지만 저는 분위기가 너무 좋은거 같아요  여름은 북적북적한 나름대로 좋고 겨울에는 조용한대로 좋더라고요 기회가되면 또가고싶네요~,5,2020.02.03.,김연경
77,로컬크랩,바다의 분위기 죽입니다. 친절한 직원들도 인상적이구요. 신선한 해물을 드시려면 로컬크랩으로!!,5,2020.02.03.,Taeyong Kim
78,로컬크랩,별하나도 주고 싶지 않은데 안되내요~  네이버 검색해서 갔는데 네이버의 신뢰도를 의심하게 됩니다. 블로거들이 돈을 받고 글을 썼나봐요. 해물은 싱싱함이 최우선인데 상하기 일보직전~ 사장님께 말씀드렸더니 사람마다 입맛이 달라서 그렇다네요~ 맛의 구분이 아니라 해물의 신선도를 말한건데... ㅠㅠ 서울에서 먹은 해물이 더 맛있고 싱싱합니다. 여행의 기분도 완전 ...,1,2020.01.20.,노옥남
79,로컬크랩,맛집 검색후 엄마와 언니들과 찾은 로컬크랩! 가장 기대하고 갔던 곳인데 여행기분까지 망치고 돌아왔어요.겉에는 아무 문제없어 보였던 해물들이 까보니 말라있고 질기고..심지어 큰 랍스터를 시켰는데 살이 다 부서져서 어이없었어요. 직원분이 손질하다 쫌 그랬는지 작은 랍스터를 다시 쪄서 갖다줬는데 그것만 제대로이고 나머지는 꽝! 옆 테이블 20대 아가씨들도 우리에...,1,2020.01.19.,Ssun
80,로컬크랩,생각보다 아닙니다 가격대비 질과 양 별루입니다 블로그 보고갔다가 주문하면서부터 당했다는느낌? 제주블로그는 절대 믿지마세요 여기 티맵공간이 좋을듯,1,2019.11.17.,이재석
81,로컬크랩,가격은 비싸지만 직원들이 너무 친절해서 기분좋게 먹고 갑니다̆̈~!^^,3,2019.10.20.,똥강아지
82,로컬크랩,"가격이 ㅠㅠ 애둘데리고 갔는데 기본에 랍스터 중간짜리하니 9만원쯤 나왔어요. 살인적인 물가.. 다신 제주 못올듯. 양도 적어서 돌사오는 길에 물회 포장해다가 먹었어요. 애들이 비주얼에 신기해하고 망치쓰는거 재밌다고, 화장실앞 사탕있어서 애들 때문에 별 한개, 사진찍으면 잘나오고 인테리어와 자연풍광이 예뻐서 별한개입니다. 미국서도 보일링크랩 가봤지만 가성비로...",2,2019.07.08.,sang(우성.유정)
83,로컬크랩,5년넘게 사장님 인심오달지죠~ 덕분에 편하게 머무르다 갑니다.ㅎㅎ,5,2019.06.29.,1290 S-ADV
84,로컬크랩,별 0개...가격대가 안맞아요 돈버릴려면 오세요 ㅡ 차라리 치킨 다섯마리드세요..ㅡ ㅡ,1,2019.05.01.,💝
85,로컬크랩,음식도 맛도 위치도 넘넘 좋은 식사였습니다. 친절의 끝판왕. 두번째 방문이였는데 아는척해주시고 감사감사^^,5,2019.02.19.,범
86,로컬크랩,"성산점에서의 너무 좋은 추억때문에 또 찾았는데, 너무 실망이네요. 미리해둔 해산물은 식어서 질기고,  다신 안오렵니다. 역시 추억은 추억일때 좋은듯",1,2018.11.26.,이건아닌듯
87,로컬크랩,일단 기막힌 뷰에 한번 입 쩌어억  매운맛 시켰는데 진심 ㅈㅁㅌ  입 쩌어어억  갈릭볶음밥? 거기서 한번더 쩌어어어억  랍스타 맛에 내 턱관절 박살  그래 이게 랍스타였어....이거였어!  랍스타 안드셔보신분 제발 로컬크랩 가주세요  두번 가주세요,5,2018.10.30.,Adam
88,로컬크랩,기본이안된집..,1,2018.10.29.,^^
89,로컬크랩,정보가 변경이 되지 않아 어찌 찾아와서 밥먹었는데 직원분들 너무 친절하시고 양도 많이 나와서 잘먹고 갑니다,4,2018.10.27.,J.H
90,로컬크랩,주소가 변경되었어요  종달이 611 번지네요! 두번째 갔는데 역시 ZMT... 저번에는 성산뷰였는데 이제는 우도뷰!,5,2018.10.27.,김인형
91,로컬크랩,별  한개도 아까운집 5만원 정도의  메인메뉴를   먹어야 랍스타를 시킬수잇고 오만원에 오백원동전만한  홍합 과  새우10개를 먹을수있는곳  사진에보는게  메인메뉴 나왓을때  개황당  날로먹을려는 인스타빨 쓰레기집,1,2018.10.13.,맛집찾아1234
92,로컬크랩,비지니스 문닫음. 네비따라 왔다가 실망만 하고 감. 전화했다니 이제 없는번호 뜸.,1,2018.10.03.,둥이애미
93,로컬크랩,가격대비 진짜 별로 입니다 ㅠㅜ 둘이가면 2인셋에 랍스터 하나 시키면 대충 65000인데 딱새우랑 홍합만 많고 솔직히 실속은 없어요 ,1,2018.03.23.,제혁
94,파주닭국수 신서귀포점,몇년전엔 숙주 볶아 올라간거에 불맛 장난아니고 그랬는데  최근에 갔을땐 별로 맛있지도 맛없지도 않은 그런느낌  ㅠㅠ 그립당,3,2021.09.04.,뭐였더라
95,파주닭국수 신서귀포점,,5,2021.08.11.,오구리슝
96,파주닭국수 신서귀포점,면에서 조금 밀가루 냄새가 나요..!,3,2020.09.19.,새우
97,파주닭국수 신서귀포점,체인인데 도대체 왜 이런맛이.,1,2020.06.12.,막가파
98,파주닭국수 신서귀포점,맛이 변했어요,1,2020.06.12.,멋따라맛따라
99,파주닭국수 신서귀포점,푸짐하게 잘 나와요~ 탕슈육 같이 드시면 좋아요,5,2020.05.13.,김민기
100,파주닭국수 신서귀포점,가격이 비싸요 5000원짜리랑 별반 다를게없음,2,2020.01.14.,제주 삼촌
101,파주닭국수 신서귀포점,국수만으로 섭섭하니 안심탕슉을 함께 드세요!,5,2019.10.24.,Julious
102,파주닭국수 신서귀포점,양도 푸짐. 맛도 푸짐. 이 가격에 이 정도면 훌륭해요. ,4,2019.06.26.,ziggy
103,파주닭국수 신서귀포점,,5,2019.05.17.,Kkyachot
104,파주닭국수 신서귀포점,별로임,1,2019.02.04.,도라에몽
105,파주닭국수 신서귀포점,여름한정 김치말이 닭냉국수 닭국수 ,5,2018.11.20.,김지형
106,파주닭국수 신서귀포점,가성비 좋아요 냉닭국수가 맛있어요,3,2018.08.09.,김연주
107,파주닭국수 신서귀포점,,3,2017.12.26.,S
108,올레수제초밥,가격만큼의 맛집. 미소국이 좀 짠게 흠이고 계란초밥은 좀 달아서 흠이고.서비스로 주신 고구마튀김은 뜻밖의 횡재...평타이상의 초밥집~,4,2020.12.12.,윤재영
109,올레수제초밥,이가격에 이퀄리티면 괜찮은데요.난 또와서 먹을듯.,5,2020.06.11.,박정혁
110,올레수제초밥,분명 구성에 모듬초밥은 연어3로 되어있었으나 광어가 3개되고 연어가 2개되는 마법~ 포장해와서 먹으니 사기당한기분,1,2020.06.10.,hate6
111,올레수제초밥,딱 초밥맛 그 이상 그 이하 아님.. 소소 와사비 겁나 매움 그래서 더 좋았음,4,2020.05.10.,허태경(SUGA) 신문지
112,올레수제초밥,존맛탱입니다. ,5,2020.04.05.,이영준
113,참치코지,맛과 친절을 잊을수 없는곳! 참치 최애 집! ,5,2021.02.11.,박연술ᆞ조으다
114,참치코지,이가격에 이퀄리티 맛보기 힘든고같아요ㅎㅎ 좋아요,5,2021.01.02.,ㅇㅋ
115,참치코지,"먹어본 참치중에 젤 맛있게 먹었어요 강추 사장님,직원도 친절^^",5,2020.07.21.,오름오빠
116,참치코지,그냥 일반적인 참치집임 특별한게 없음,2,2020.01.14.,제주 삼촌
117,참치코지,연말에 모듬회 중자랑 하프동 포장해서 먹었는데 회 양도 많고 하프동도 너무 맛있었어요~ 서비스로 넣어주신 죽도 맛있고 고마웠네요 담엔 가게에서 먹으려 가려구요 ~^^,5,2020.01.01.,201731
118,참치코지,서버를 한명 쓰시려면 내국인을 쓰셔요,1,2019.11.16.,스마일러
119,참치코지,참치,4,2018.10.17.,김지형
120,참치코지,신서귀포 반경에서는 그나마 먹을만한 참치집. 그런데 포장하면 매번 뭔가 하나씩 빠져있어서 다시가서 받아온것만 세번 ㅡㅡ;; 그거 빼곤 괜츈함.,4,2018.08.07.,도라에몽
121,쇠소깍대박밥상,"4차선 도로옆에 주차하기 편해서 우연히 들어간집 대만족!! 밑반찬, 착한가격, 집밥수준의 맛,  특히, 게장맛 최고~~",5,2021.05.14.,단결
122,쇠소깍대박밥상,올해 자전거 여행중 우연히 그것도 두번 이나 먹어본 오겹살 저렴하고 풍성한 상차림 아주그냥 맛 ㄲㄴㅈㅇ 가까운 민박집  손님은 픽업도 해주고 주인 이모 사냥ㅎ 제주도에서  서*포나 제*시에서 먹는 오겹살은 영 아님 오겹살은 제주도민 상대로하는 식당에 가야함,5,2019.10.05.,하마
123,쇠소깍대박밥상,주인 아주머니 너무 친절하시고 신경써 주셔서 감동이었어요 진짜 숨겨진 맛집 인정합니다...가격도 저렴한데 싱싱하고 반찬도 많고 맛있어요ㅜㅜ 해물된장찌개 추천합니다!! 딴데서 해물뚝배기 비싸게 먹을 필요 없어요,5,2019.07.30.,!
124,쇠소깍대박밥상,"주인이모가 바꼈어요!!  작년 12월에 바꼈다고 하네요~~   메뉴도 바뀌구요!!  삼겹살이랑 닭볶음탕, 후식으로 열무국수 먹었는데 밖에 야외테이블이있어 거기서 삼겹살 구워먹으니 바베큐분위기?ㅋㅋ나서 좋았어요ㅋㅋㅋ 열무국수는 더 맛나고요^^  삼겹살두께에 반하고 닭볶음탕 맛에 한번 더 반했어요ㅋㅋㅋ 말그대로 대박!!",5,2018.07.10.,.
125,오케이식당,친절하신 사장님 귤도 챙겨주시고 번창하세요❣,5,2019.11.04.,수댕
126,오케이식당,나름괜찮았어요.,5,2019.10.20.,**수
127,모영,점심에 가서 김치찌개랑 몸국 먹고 저녁에 가서 한치 튀김 포장해서 먹음! 친절하시고 맛있음,5,2021.08.13.,라면사리
128,모영,제주 향토 음식 몸국 최고입니다!  제주에 오래 계셨던 분의 추천으로 알게된 곳인데요. 여러번 제주 여행 왔었지만 몸국을 먹을 기회가 없던 차에 아시는 분 추천으로 가게 되었습니다. 처음 맛보았지만 전혀 비리지 않고 너무나 구수하고 어디서도 맛볼 수 없는 최고의 맛입니다.  여름에는 물회와 몸국 같이 파는데 옆 테이블은 제주분이신지 오셔서 물회 드시더라고요...,5,2021.08.08.,김시내
129,모영,"성산에서 최고의 한 끼였습니다.   오전 10시, 해산물은 냄새조차 싫어하는 아이와 빵 먹기 싫다는 남편과 식사할 곳이 별로 없었는데 너무 좋은 곳을 발견했어요.   대기가 없고, 사람 붐비지 않고, 사장님 매우 친절하고 자상하시고, 무엇보다 음식이 정말 정갈하고 아주아주 맛있었어요. 솜씨가 정말 좋은 엄마가 차려주신 밥 먹는 따수운 느낌 받았습니다. 감사...",5,2021.04.25.,무지랭이
130,모영,"제주 3대음식 중 하나인 몸국 판매하는 집인데 정말 맛있고, 김치찌개가 진짜 최고에요...사실 2개다 맛있어서 둘다 먹어보세요:)",5,2021.02.07.,지은
131,미향해장국 표선점,맛잇어요!^^,4,2021.10.07.,Sunny
132,미향해장국 표선점,정말 맛있어요! 아침으로 먹기 딱 좋아요.,5,2021.08.29.,악
133,미향해장국 표선점,내장도 신선하고 양도 많고 맛도 끝내줌,5,2021.05.02.,한대현
134,미향해장국 표선점,전날 술 마시고 왔는데 언니와 모님주한잔하게 만드는 맛집입니다.,5,2020.11.24.,만두
135,미향해장국 표선점,맛있고 친절해요!,5,2020.11.24.,최한결
136,미향해장국 표선점,가족들과 같이 할수 있는 메뉴를 찾다가  이용하게 됐는데 완전 맛났어요. 해장국.김치찌게.불고기뚝배기 잘먹었습니다.,5,2020.08.06.,정인식
137,미향해장국 표선점,아침식사로 추천해요~ 애들은 뚝불이나 순한맛해장국 먹을 수 있구요~ 은근 비빔국수 이게 맛납니다!,5,2019.07.27.,다이치
138,미향해장국 표선점,음식 맛있어요. 아침 먹기 좋네요 순한맛 맛있어요. 약간 순대국 느낌..,5,2019.07.14.,WI.LIM
139,미향해장국 표선점,"표선면 근처 호텔에 숙소를 잡고, 오후 7시가 넘은 시간이었는데, 미향 해장국을 발견!  메인 메뉴인 선지해장국과 김치찌개를 주문했어요~ 선지해장국에 다진 마늘과 다진 양념을 기호에 맞게 넣어 먹으면 되더라구요~  제주도의 식당이 일찍 닫는편이라, 걱정했는데 배불리 먹고 나왔습니다.  사장님도 친절하시고, 저흰 상당히 좋았습니다!",5,2018.05.02.,이민규
140,동현식당,제주 여행할때 매번 들리는 곳~~!!!! 회정식 15.000원 가성비 최곱니다. 잡히는 생선 따라 회가 바뀌는데 오늘은 운좋게 벵에돔 이였습니다~~^^ 깨끗하게 먹고 왔네욥~~^^,5,2021.06.30.,천상천하
141,동현식당,,5,2021.05.17.,김태환
142,동현식당,5년만에 찾아갔는데 메뉴판만 바뀌고 다른건 그대로.. 물론 가격은 좀 올랐지만 역시 회맛은 좋았습니다.  제철에 제대로 먹는 방어회는 일품이었고 다시찾아 왔다고 특이한 광어산적까지 내오셨는데 여사장님은 아무런 너스레도 없는걸보니 역시 제주도사람이었습니다,5,2020.11.29.,송인천
143,동현식당,가격대비 부실하네요..,2,2019.11.18.,hooka
144,동현식당,"긴가민가했는데... 회정식 만오천원에 활어회, 지리탕까지...반찬으로 나온 생선도 고소함. 지리 못 먹는 사람은 매운탕으로 요청해야할듯. 반찬은 소박함^^ ",4,2019.06.20.,김정화
145,동현식당,,5,2017.08.28.,태호
146,사계바다,별 한개도 안주고 싶다...별 마이너스 제도 시급. 맛은 그저 그런데 종업원 너무 불친절해요,1,2021.06.27.,SINCERITY
147,사계바다,아무리비싸도..맛있으면가지만요.. 솔직히..맛은악평까진아닌데요.. 너..무비싸요 흑흑.. 저희 통갈치먹었어요,2,2020.04.18.,말달리자
148,사계바다,"중국인 종업원이라 친절은 기대 안했고 역시 기본적인 친절은 기대 이하였습니다. 테이블자리가 마땅치 않아 신발벗고 앉는 좌식에 앉았는데 그 종업원은 신발신고 마루, 홀, 주방 등을 돌아다니네요... 반찬 맛은 개인 호불호가 있으니 넘어간다해도 공깃밥을 보고 놀랐습니다. 짐에서 마누라의 밥솥 바닥에 남은 누른 밥을 간혹 먹어 본적은 있어도 식당에서 돈 주고 이...",1,2020.04.05.,신경훈(Henry)
149,사계바다,"그래도 제주도이니 해물이 실하겠지하고 시켰습니다 게는 냉동게인지 흐물흐물 살이 하나도 없고, 조개는 살이 다 찢어져있습니다. 새우 인당 한마리 들어있고요 전복도 몇마리 들어가있긴한데 작습니다 내용물이요 부실해도 너무 부실해요. 국물은 짜디짜고 해물은 다 냉동같습니다. 이걸 10만원 넘는 돈을 내고 먹다니.. 허허.. 불과 어제 다른데서 8만원내고 활전복 6...",1,2019.10.07.,John Lee
150,사계바다,최악중에 최악입니다. 별 하나도 아깝습니다. 세상에 냉동갈치에 살은 하나도 없습니다. 간도 안맞고 비린내나고 정말 욕이 나왔는데 참았습니다. 그리고 일하는분께 물었습니다 아주머니 생갈치 아니죠? 라고 했더니 네 저희는 냉동갈치 씁니다 라고 하더라구요. 기가차서 말이 안나오더라구요. 냉동이라도 맛이 있어야죠~~~짜고 생강을 얼마나 넣었는지 먹는순간 구토나서 ...,1,2019.09.10.,김회영
151,사계바다,20190728 제주도 여름휴가,3,2019.07.29.,myks
152,사계바다,비싸기만하고 갈치는 쥐꼬리만큼 나옵니다. 맛도 없습니다.절대 가지마세요.  돈아깝고 먹고나서 화가 나더라구요. 별점 한개도 아깝습니다.,1,2019.07.17.,김명중
153,사계바다,비싸고 먹을만 하지 않음 그냥 비주얼만 그럴 듯 이 정도 재료에 맛이 왜 안나는지 ㅠ,2,2019.02.16.,신경호
154,사계바다,,2,2018.10.30.,심심프리
155,사계바다,이런 더럽고 성의없는 집 처음이라 완전 열받음.. 가격만 비싸고 한상에 6만원이면 될것을 22만원 받고 불친절하고 이런곳 맛집이라고 리뷰에 남긴 블로그 양심이 없네요. ,1,2018.10.21.,이혜진
156,사계바다,"17만원, 모듬회 대자. 스끼다시 전부 맛없다. 매운탕 간이 하나도 안맞아서 간장넣고 소금넣어도 핵노맛. 후........................",1,2018.09.22.,서동
157,사계바다,값비싼 음식물쓰레기 담겨있는 칼치를 쓰레기만듬,1,2018.08.01.,박기주
158,사계바다,장사가 잘되서 그런지 손님을 개똥으로 아는군요. 맛을 보기전에 이런 가게는 다신 가고싶지 않습니다. 맛이라도 있으면... 돈이라도 아깝지 않을텐데 ㅡㅡ,1,2017.10.28.,Round1one
159,사계바다,최악입니다 ... 13만원대 해물통갈치조림먹고 진짜 토할뻔 봤어요 비린맛엄청나고 갈치 엄철 작고 살도 없고 양심이 있는지 모르겠어요 게다가 간디 40분만에 밑반찬 나오더라구요 제가 밀렸으면 말을 안하는데 저희 앞테이블4테이블이나  갈치까지 다 나온 상태이고 다 먹구 있는데 저흰 나오지도 않고 뭐라 하니깐 그때사 주면서 죄송하다고 한분이 그러면서 빌지를 주더...,1,2017.10.27.,이지연
160,사계바다,맛집인지도 모르고 드갔다가 이런낭패 가격대비 값만비싸고 갈치도 살도별루 손님화나서 모라한소리하니까 사장열받아 나가서는 써비스도 엉망징창 주문을 했는지 모르고 아주 개판이였음,1,2017.10.07.,장명선
161,사계바다,음 뭐 이가격에 이정도는해야지 완전추천은 아님 걍 추천,3,2016.08.23.,제시
162,흑사돈 표선점,양념돼지갈비 350g 1인분 14000원(독일산) 간도 잘배서 맛나게 먹었네요. 숯도 참숯이라 향도 좋구요. 시원한 동치미국물 죽여주네요 한라산이 술술 들어갑니다.,4,2021.07.01.,윤재영
163,흑사돈 표선점,직접 고기 안구워도 됨. 알맞은 크기로 구워서 갖다주셔서 넘넘 좋아요! 바로 흡ㅋ입ㅋ 사장님 엄청 유쾌하고 친절하신건 보너스~,5,2021.03.31.,새콤달콤
164,흑사돈 표선점,흑돼지 퀄리티가 좋아요  근데 꼭 좋은 고기로 달라고 하세요. 아니면 대충 줄 수도 있습니다  저도 고기가 마블링이 안좋아서 다른거 달라고 했더니 좋은걸로 챙겨 주네요  종업원들은 모두 외구긴들 입니다  전체적으로 좋았습니다 ,5,2020.12.03.,보리밥
165,흑사돈 표선점,"도대체 왜 리뷰가 많고 추천한다는지 모르겠음. 멀리서부터 어떤 분이 가게 바로 앞에서 흡연하고 계셔서 손님인줄 알았는데 사장님인지, 직원분이었음. 밑반찬 나와서 먹어봤는데 카레맛 감자볶음은 차갑고 미니사이즈 김치전에서 짧은 머리카락 나옴. 고기는 직원분이 직접 구워주셔서 좋았지만 옆에 계시면서 집게를 계속 흔들며 건들건들하시면서 서계셔서 굉장히 불편했음. ...",1,2020.08.12.,맛집주세요
166,흑사돈 표선점,"별로임. 고기를 구워서 나오는데, 색깔과 식감이 별루. 반찬도 마찬가지.",1,2020.08.11.,솔.서 아빠
167,흑사돈 표선점,맛있었어요 ㅎ 직접 구워주심 !,5,2020.08.01.,광주마찌
168,흑사돈 표선점,,2,2020.06.28.,avd
169,흑사돈 표선점,"맛 최고, 서비스 최고, 양이 은근히 많아요",5,2020.06.08.,엄상진
170,흑사돈 표선점,사장님 진심...고기마스터...♥ 아무말말고 기다리세요 접시에 한 점 올려주실때까지!!! 채고다채고 친절이별겁니까 고기맛이친절함 ㅋㅋㅋㅋㅋㅋㅋㅋㅋㅋ 뱃속까지 직진길만걷자 ㅠㅠ,5,2020.03.20.,햄미
171,흑사돈 표선점,존맛탱...진짜 목살겁나부드러워요. 옆자리 아저씨들 다섯분이 앉았는데 제주분들이셨습니다. 현지인맛집인듯... 그리고 제발 동치미국수랑 비빔국수 시켜드세요!!!!!!!!!존맛탱~  ,5,2019.12.07.,쥴쌍
172,흑사돈 표선점,"사장님 너무 친절하시고, 근고기 목살부분은 정말 최고였음",4,2019.12.02.,깡님
173,흑사돈 표선점,멜젓최고! 진짜 맛있게 잘먹었습니다 ,5,2019.10.31.,오분
174,흑사돈 표선점,"500g 흑돼지 근고기 , 된장찌개 시켜먹었습니다.   단점",,,
175,흑사돈 표선점,수줍음이 많으신 사장님 끝까지 고기 구워주시고 한입 넣자마자 와~ 감탄사가 나왔던 맛 육즙이 좌르르르르  지인이 소개해줘서 같은데 역시나 맛났습니다 동치미국수 보다는  된장이 더 맛있었어요,5,2019.10.18.,결
176,흑사돈 표선점,고기는 맛있네요. 반찬 셀프도 좋구요. 동치미국수는 글쎄요.. 그닥 맛은 없네요.,4,2019.08.18.,초코하임
177,흑사돈 표선점,가격과 맛 그리고 서비스까지 좋았던 곳^^  도민들에게도 사랑 받는곳입니다,4,2017.11.09.,고사리아빠
178,최네집 성산점,육지에서 먹던 그맛이네요!! 맛있게 잘먹었습니다!,5,2020.11.18.,이원락
179,최네집 성산점,뭔가양념이하나빠진것같은데.. 하는맛  찬은괜찮은데,3,2020.04.29.,사시미
180,영풍해장국,조미료 끝,1,2019.11.10.,164218
181,영풍해장국,"그냥 그래요. 죽을만큼 배고프거나, 술이 덜깨면 더 맛있겠죠. ",3,2019.08.25.,박성혁 (Simon.park)
182,영풍해장국,언제나 해장국하면 영풍해장국입니다,5,2019.04.15.,신승하
183,영풍해장국,쵴오! 쵴오! 어머니 모시고 왔는데 최근 먹어본 국물음식 중 단연 최고!!!,5,2019.01.26.,Lee WonHo
184,야자나라,사장님 너무 친절하세요  다음에 제주도 오게되면 또오고 싶습니다,5,2021.09.25.,찐맛러버
185,야자나라,,5,2021.02.18.,이승영(지수맘)
186,야자나라,,4,2019.01.29.,김H중
187,충청도식당,솥밥으로 주는 국밥집은 처음이네요 ㅎㅎ 원래 말아서 먹는데 처음에 일부러 안말고 밥이랑 김치랑만 먹었음 진짜 존맛,5,2021.08.09.,전국네비게이션
188,충청도식당,너무 오전부터 국밥이 땡겨서 근처 국밥집 리뷰좋은곳 찾아갔어요~  다른집들은 광고글이 너무많았는데 여긴 제가 선택한곳임!,5,2021.07.28.,맛집탐방
189,충청도식당,"너무 친절하신 사장님과 가성비좋은 국밥, 밥이 솥밥에 나오는 국밥집은 처음이에요  역시 제주도클라스",5,2021.07.26.,카카오리뷰어
190,모모,정말 돈아까운집,1,2021.08.07.,혜🌿정
191,모모,,3,2020.03.17.,김도야지
192,모모,,5,2018.11.27.,최원대
193,모모,특선세트 고로케,4,2018.10.17.,김지형
194,매오름,경치가 끝내줍니다. 이런 탁트인 어라운드 뷰는 오랜만에 봤네요. 운동도 되고요. 둘레길도 있습니다. 가볼만한 곳. 도청오름과 매오름 같이 등반 가능합니다. ,5,2021.10.18.,어디가보코!
195,매오름,전 낙원정사쪽으로 올라갔어요ㅋㅋㅋ 올라갈땐 빨랐으나 내려올땐 생각없이 반대길로 갔다가 길 잘못든줄...  그래도 올라가는 경사로만 보면 난이도 최하입니다. 정비는 잘 되어있는데 사람이 없어서 좋았어요. (그래도 한 두명은 지나갔으면.. 제가 잘 가고있는건지 아닌지 확인할 길이 없었음)  지도확인tip 현위치> 낙원정사쪽으로 올라가는 길 가운데 사람> 편의운...,5,2021.09.24.,미르
196,매오름,"매오름 초입을  찾기 힘들어 결국 도청오름으로 올라갔네요. 두개오름을 10분 도보로  볼수있어요.  올라가는길에  노루가 길을  안내해주네요^^  멀리 한라산에  표선해수욕장,성산일출봉. 까지 볼수있어.. 쉬엄쉬엄  오후7시40분  노을까지 보고 내려왔습니다.",4,2021.07.27.,클릭원
197,매오름,경관이 괜찮은 오름이네요  저멀리 표선 해수욕장 과 해비치 호텔이 시야에 들어옵니다. 발아래는 비닐하우스가 슬비 하네요.,3,2021.06.01.,spiderman
198,매오름,고즈넉하니 좋아요 사람도 없고요 마을이 내려다보이네요,4,2021.01.01.,열정곰탱이
199,매오름,작은 수고로움에 비해 풍광이 너무 좋음. 들머리 찾느라 헤맸는데 여러 곳인 것 같음. 동네 분들이 산책하러 많이 오심.,4,2020.10.06.,.....
200,매오름,네비찍고가다가 오른쪽포장길로 빠져야돼요 주차장서 5분만걸음돼요 날좋음 한라산보여요 좋아요,5,2020.03.25.,내프로필
201,매오름,가볍게 오르기 좋고~ 차타고 거의 정상까지 올 수 있어요!  네비에는 안나오지만~!^_^ ,5,2020.03.21.,슈퍼방랑자
202,도청오름,해경 레이더 기지로 볼 것은 없음. 패쓰 추천,2,2021.10.18.,어디가보코!
203,도청오름,해안경비대 시설입니다. ,1,2021.06.01.,spiderman
204,권가네올레김밥,묵은지김밥 꼭 꼭 드세요! 여행에서 돌아가면 친구들한테 추천할거에요!! 진짜 너무 맛나요ㅜㅜ 군내 하나도 안나고 재료 아낌없이 넣어주셔서 김밥이 묵직하네요,5,2021.05.18.,박보람
205,권가네올레김밥,묵은지김밥 먹었는데 맛있었어욥!!! 사장님도 친절하세요^-^,4,2021.04.16.,딩딩
206,권가네올레김밥,여기 묵은지참치김밥이랑 진미채김밥 맛집,5,2021.03.19.,히히
207,권가네올레김밥,,5,2020.02.18.,쏘리드
208,산티아고가는길 남원점,샐러드에 리코타치즈 생각보다 너무 달았어요.,2,2021.06.17.,Rachel
209,산티아고가는길 남원점,,5,2021.04.16.,강명수
210,산티아고가는길 남원점,커피는 맛있어요 흔하지 않은 사이폰 추출.. 근데 아침 일찍 오시는 분들 거의 브런치 드시는지 음료만 시키기 약간 애매한 분위기였어요 다들 브런치 시키는데 나만 커피마시니 눈치보이는;; (전 밥 잔뜩 먹고 갔는데ㅠㅠ) 일찍 가시는 분들은 꼭 브런치 위주로 드세요,4,2021.04.11.,Jayjays
211,산티아고가는길 남원점,제주 놀러갔다가 커피땡겨서 무조건 들어갔던집. 개취일수 있지만 산미없는걸로 추천해주신 이름은 기억 안나지만 원두향이 짙지만 텁텁하지 않고 입안에 향이 오래남는게참 좋았어요. 위치가 애매하지만 꼭다시 들르고 싶네요~,5,2020.11.18.,홍군
212,산티아고가는길 남원점,커피 맛 다르네요. 서울에 있다면 매일 오고 싶어요. 아쉽아쉽 ㅜㅜ,5,2020.11.07.,H...
213,산티아고가는길 남원점,"남원읍 숨은맛집. 음식맛, 분위기,사장님의친절한 설명등이 어우러져 특변한 브런치가되었어요. 세트를시키면 음식전후 두가지 특별한고급 커피를 서비스로 나옵니다. 너무너무 특별했고 산티아고 순례길에 와있는듯한 기분도 느낄수있어요. 월,화 휴무이고 오후4시까지해요 꼭 한번들려보세요. 강추합니다!!!!",5,2020.10.28.,sunmi
214,산티아고가는길 남원점,,5,2020.10.02.,Алексей
215,산티아고가는길 남원점,안녕하세요. 오늘 7월 17일 방문한 손님입니다.  사진과 보다시피 메뉴는 두개의 세트로 시켰습니다. 디저트로는 두 사진과같이 이쁜 커피입니다!(메뉴 이름을 까묵어서..) 너무 이쁜데다가 맛도 맛있습니다ㅜㅜ 그리고 뭐니뭐니해도 사장님께서 친절하게 설명해주시는거 너무 좋아요!!! 제주도 오시면 카페겸 음식점이라 꼭 추천해드릴게요! 여행 좋아하시는 분들 추천집...,5,2020.07.17.,임우혀기!
216,산티아고가는길 남원점,일부러 찾아온 카페 커피가 정말 맛있어요 다른 카페와는 다르네요 한번 오면 또 오게 될 곳,5,2020.07.12.,행복한신혼생활
217,산티아고가는길 남원점,여행을 좋아하시는 사장님의 긍정적인 에너지 마음껏 받고갑니다 ㅎㅎ 음식도 너무 맛있고 커피도 너무 맛있어요. 평범한 식당과 카페보다 볼거리 들을거리 맛볼거리 모두 좋았습니다!!,5,2020.06.29.,제주도민
218,산티아고가는길 남원점,커피완전 맛있어요ㅎㅎ 다음에 또 생각나는 맛,5,2020.04.13.,J
219,산티아고가는길 남원점,오셔서 더티아인슈페너 꼭 드셔보세요 사장님의 친절한 설명듣고 마셔보니 정말 기억에남을 커피 한잔이네요 !,5,2020.01.07.,황지호
220,산티아고가는길 남원점,,5,2019.10.17.,노경수  010 5037 5440
221,산티아고가는길 남원점,,5,2019.04.07.,프랑스 마을 샤갈의마을 이은영
222,산티아고가는길 남원점,브런치세트 맛없어요ㅠㅠ 비싸기만하고,1,2018.07.22.,🌸
223,산티아고가는길 남원점,뿔뽀덮밥은 맛있게 맵고 감바스는 새우가 튼실하네요. 세트메뉴로 주신 커피도 굿~! 50일간 산티아고길 갔다가 돌아와서 어제부터 영업개시 하신다고...저희는 운이 좋았네요!  사장님이 아주 친절하세요^^ 여행자 느낌 풀풀 나는 분! ,5,2018.05.29.,이인경(El Tango)
224,산티아고가는길 남원점,,5,2018.03.04.,ㅎㅋ
225,송가네참숯가든,고기는 맛있게 먹었어요. 초벌해서 나오는데 숯이 정말 좋습니다. 숯이 시간지나도 안꺼지더라구요. 가든바베큐 처럼 야외에 앉아서 먹는게 별미인데 룸에 앉았는데 찐득거리고.. 청결땜에 많이 쫌 그랬어요 야외 바베큐가 별미라 룸 다 사용하시는거 같진 않던데  손님안내하고 사용하는방이라면 청소해주세여 개선되면 한번간 사람도 담에 또 찾을때 다시 찾을 괜찮을 집입니...,3,2021.06.06.,지블리
226,송가네참숯가든,고기 진짜 맛있어요!! 특히 양념갈비!! 정말 맛있어요!! 조금 느린 서비스가 아쉽지만 맛만큼은 정말 최고입니다!!,4,2021.05.08.,뽁
227,송가네참숯가든,제주여행 셋째날 저녁으로 인터넷 검색해서 평점이 좋아 가보게 됐어요^^  혹여 광고는 아닐까 반신반의 하며 가봤는데 사장님도 너무 친절하시고 음식도 정갈하니 맛있어요    제주 여행시에 솔직히 어느 음식점 가나 음식 대비 비용이 비싼편인데 여기는 갈비도 초벌해서 나와서 타지 않고 맛있게 먹을수 있고 가격도 너무너무 착해요^^ 그리고 무엇보다도 기분 좋았던건...,5,2020.07.28.,이강임💕
228,송가네참숯가든,"강원도 영월 경원 참숯이라신 기억!  숯이 클라스가 다르다. 숯향 머금은 고기들이 입안에서 춤을 춘다. 김치는 역대급, 탑 1위.   ",5,2020.07.12.,이새돌
229,송가네참숯가든,모듬을 먹었다 흠잡을 건이 없다 단지... 간판 위치와 식당위치가 달라서 좀 헤멨다는 것 뿐 간판을 지나 50m 올라가 우측에 있음 기회가 되면 또 가겠다,5,2020.03.02.,OzyRap
230,송가네참숯가든,남원 최고의 흑돼지집입니다. 친절하고 맛 좋고 주변 조경도 너무 이뻐요!~~,5,2019.08.16.,윤광상남자
231,동광가든,맛있다는 리뷰보고왔다 기분잡치고 가는중 제주도첫날와서 맛있는거 먹고싶었는데 리뷰보고 찾아왔다가 고기에서 냄새나서 죽는줄 가격도비쌈 오삼겹이18000원 근데 맛없음 고기라면 환장하는 아이들이 한입먹고 고기손을 안대고 배아프다는핑계로 고기를거부함ㅋㅋㅋㅋ 점심을 그리잘먹던 애들이ㅋㅋㅋㅋㅋㅋ 그리고대체 사장님이 어디가 친절하시다는건지? 전혀 친절이라곤1도없이 이더...,1,2019.09.09.,룰루랄라
232,동광가든,생각지도 못한 맛집입니다 갑자기 검색해서 갔는데 반찬들도 깔끔하고 가격도 좋습니다 인기있는 식당에 줄서서 먹는 것보다 추천합니다!,5,2019.06.12.,수양
233,동광가든,최고다. 진짜. 진짜다. 고기 진짜 맛있고 밑반찬도 맛있다.. 중요한건 사장님이 진짜 미친듯이 친절하시다... 삼겹살에 원래 나오지 않는 고등어를 3살 아이 먹일 요량으로 살짝 여쭤봤는데... 정말 아무것도 아니라는 듯이 해주시고... 감사드립니다. ,5,2019.05.12.,양준모
234,동광가든,정식먹으러 자주와요 1인-7천원,5,2018.10.24.,Lupin
235,춘부네식당,,5,2021.09.18.,Achtung Bae C
236,춘부네식당,가정식 백반  맛있게 잘먹었습니다. 다른메뉴도 먹어보고 싶네요~~ ,5,2021.09.12.,배수진
237,춘부네식당,8천원 백반가격에 이 반찬수 실화? ㅎㅎ 조림도 맛나고 찬 하나하나 다 맛있어서 후기를 안남길수가 없네요. 친절하고 깔끔해요~♡,5,2021.06.25.,
238,커피맛이멜로,좋아하는 스타일의 카페. 커피가 일단 맛있음!,5,2021.09.29.,맛순이
239,커피맛이멜로,,5,2021.06.30.,woo
240,커피맛이멜로,제주에서 마음에드는 커피숍만 6개월뒤 관광객들이 몰려서 도때기시장처럼 되버려서 아쉬웠는데 여긴 딱 좋다 진짜 최애 커피숍!! 조용하고 주변 분위기도좋고..계속 이론 분위기였으면..,5,2021.03.13.,제주살이
241,커피맛이멜로,"내,외관 모두 훌륭하고 분위기 있음. 조용히 커피 한잔 하기 좋은 곳. 주변에 산책도 가능함. ",4,2021.02.06.,근영
242,커피맛이멜로,비싸고 맛있는 건 용서가 되어도 비싸고 맛까지 없으면.. ,1,2020.10.09.,damm
243,커피맛이멜로,"공간, 음료, 치즈케익, 뷰 좋은데 재방문 의사는 없음. 이것저것 손님에게 요구하는 에티켓은 많은데 정작 주인분은 손님 오고가는데 인사도 안하시던데.. 내돈 쓰고 뭐 잘못한 것도 없는데 눈치보다 온 느낌은 나의 느낌적 느낌인걸까.. 호",2,2020.09.07.,소련
244,커피맛이멜로,분위기 좋은 숲속에 있는 커피맛집^^ 달달한 멜로커피 강추해요~,5,2020.08.11.,Chris
245,커피맛이멜로,"분위기 조용하고, 정숙하길 강조하는 분위기. 혼자가기 좋을것같고 너무 조용해서 대화 소곤소곤 하는게 불편했음. 아메리카노 맛은.......",3,2020.08.05.,부쳐핸섬
246,커피맛이멜로,"커피는 잘안마시지만 크림든걸 좋아해서 멜로커피 마시려고 가봤습니다 크림은 맛있는데 밑에 깔린(?) 커피는 써요 뭐랄까 마시면 텁텁한 맛? 7천원 가격이 좀 사악하네요 양이 작아서  5분만에 다 마셔버림 ㅋ ㅜㅡ 주변에 나무, 밭, 풀숲이고 다른 건물이 없어서 조용한 분위기 좋아하시면 추천 ~ ",3,2020.07.24.,고현숙
247,커피맛이멜로,여긴 최애 카페라 안알려주고 싶은데.... 번잡한 해변의 기업형 카페가 싫고  조용한 분위기에서 고즈넉한 녹음을 즐기려면 꼭 가봐야할 곳입니다. 참 아름답습니다.  다만 규모가 많이 작아서 오래 머물기 좀 부담스럽긴 해요.   커피 맛도 좋아요. ,5,2020.06.25.,Claude
248,커피맛이멜로,정말 좋아하는 곳. 소중한 사람들에게 알려주는 중입니다 ^^ 주인장분과 대화도 여러번 나눴는데 좋은 추억이었습니다 ^^ 언제 가도 좋아요. 벚꽃 시즌 때 꼭 가보세요. 그리고 안개 끼는 시즌도 좋고 눈 오는 시즌도 좋아요. 까다로운 입맛의 미식가 울 아빠가 맛있다고 하신 치즈케이크.. 전 아직 못 먹어봤는데 조만간 먹어보고 싶네요 ^^  오늘 먹어봤는데 진...,5,2020.05.02.,냥
249,커피맛이멜로,이시국이라그런지 조용하고좋았어요ㅋㅋ사람이없어서그런것도있지만 주위에 자연이러좋음ㅋㅋ,5,2020.03.06.,이송희
250,커피맛이멜로,커피맛 완전 좋음..조용하고 분위기도 좋음.. 치즈케잌은 한입 먹고 충격..너무 맛있어서! 단 주인 분이 좀 쎄 보여서 다른 손님들 없으면 왠지 눈치가 보임..ㅠ,4,2020.01.12.,yylee
251,커피맛이멜로,개인적으로 정원인테리어 별로 안좋아해서 빼긴 했지만 커피맛 너무 좋았어요! 고양이들이 정원에 숨어있는거 찾는 재미도 있구 ..ㅎㅎ,4,2019.10.22.,먐먀미아핫세
252,커피맛이멜로,,5,2019.08.15.,윤재성
253,커피맛이멜로,가격이 좀 쎄긴한데 이 집 커피 찐입니다 .. 비싼 값을 해요,5,2019.07.04.,짠짠
254,커피맛이멜로,밀크티 향 존좋 영귤에이드는 약간 써요 계산하기전에 놀라는 가격빼고는 다 좋고 가게건너편에 이쁜 길도있음,4,2019.04.24.,이경택
255,커피맛이멜로,치즈케이크 대박입니당ㅠㅠㅠㅠ 홈메이드치즈로 만들어서 사르를ㄹㄹㄹㄹ녹아요 ,5,2019.02.14.,sh
256,커피맛이멜로,,4,2019.01.02.,이승진
257,커피맛이멜로,흰 눈이 쌓인 한적한 도로를 따라가면 만날 수 있어요. 만델링이랑 플랫화이트 향을 즐기며 조용히 머물다갑니다.,5,2018.12.29.,Jin
258,커피맛이멜로,계동에서 친구랑 같다가 문닫아서 헛걸음.. 오늘 땅아래 제주  한적한동네에서 가봤다는.. 조용한 제주의 자연을 느끼고자 할때.. 맛있는 커피와 감귤차도 훌륭,5,2018.12.08.,새말
259,커피맛이멜로,,5,2018.09.26.,AR
260,커피맛이멜로,"승마 하고 근처 카페 찾다가 온 곳인데 너무 만족했어요. 건물 외관도 예쁘고, 입구에 작게 피어있는 붉은 꽃도 아름답고, 큰 창문 너머로 보이는 전경도 평화로워요. 누텔라 올라간 커피, 청귤티, 빙수 먹었는데 셋 다 정성스럽고 또 너무 맛있어요! 청귤청이랑 팥 직접 만드시는 것 같은데, 달지 않은 게 제 스타일이었어요. 커피클래스 운영하신다고 되어 있었는데...",5,2018.08.04.,채예
261,커피맛이멜로,가격이 좀 쎄긴한데 이 집 커피 찐입니다 .. 비싼 값을 해요,5,2019.07.04.,짠짠
262,커피맛이멜로,밀크티 향 존좋 영귤에이드는 약간 써요 계산하기전에 놀라는 가격빼고는 다 좋고 가게건너편에 이쁜 길도있음,4,2019.04.24.,이경택
263,커피맛이멜로,치즈케이크 대박입니당ㅠㅠㅠㅠ 홈메이드치즈로 만들어서 사르를ㄹㄹㄹㄹ녹아요 ,5,2019.02.14.,sh
264,커피맛이멜로,,4,2019.01.02.,이승진
265,커피맛이멜로,흰 눈이 쌓인 한적한 도로를 따라가면 만날 수 있어요. 만델링이랑 플랫화이트 향을 즐기며 조용히 머물다갑니다.,5,2018.12.29.,Jin
266,모해통갈치화덕구이,저희는 맛있었습니다. 사람 없어서 오히려 조용하고 좋았어요.  한시간 반 기다린 맛집이나 이곳이나 둘다 맛나서 별 차이 모르겠는데요.  ,4,2021.09.19.,이정재
267,모해통갈치화덕구이,맛있는 식당인데 가성비는 잘 모르겠네요.. 주인장 인심은 그닥인 것 같습니다.  식당에서 둘이서 10만원 식사를 하고 주차해놓고 10분 정도 산책을 하고왔더니 사람을 쥐잡듯이 잡아먹네요… 물론 말 안하고간 저희 잘못입니다만…  찐 로컬맛집 정도는 아니라서 사람도 별로 없고 널널합니다. 사람 많은 게 싫으시면 오셔도 좋을 것 같습니다.  *아 친절한 대접 받...,1,2021.08.14.,조영민
268,모해통갈치화덕구이,가지마셔요  정말로  후회합니다 맛도  서비스도 엉망입니다  가격대비 진짜 아님 갈치구이 먹고 후회가 막심합니다,1,2021.07.17.,&
269,모해통갈치화덕구이,리뷰보고 반신반의했는데 사장님도 친절하고 맛있었어요,5,2021.06.07.,정수현
270,모해통갈치화덕구이,"후기보고 불안불안해서 갔는데 왠걸 남자사장님이 정말 친절하세요..! 제주도에서 만난분들중 제일 친절하셨어요 갈치도 직접 다 발라주시고 덕분에 너무 맛있게 먹고갔습니다~ 갈치뿐만아니라 미역국, 밑찬들도 빠지는거 하나 없이 다 맛있었어요~ 저희가족 그렇게 배는 안고팠던차라 다 못먹을거같았는데 다먹고 갔네요!  참고로 여기 근처 사는 고양이도 애교가 엄청 많아요...",5,2020.10.03.,ilijil
271,모해통갈치화덕구이,정말 별로에요~~~비싸고 맛없고 애들 시끄럽게 떠들고 뛰고 고함지르고 난린데 부모들이 제지 안하면 사장이나 직원이라도 다른 손님 생각해서 좀 자제 시켜줄만 하건만 걍 폰만 쳐다보고 있네요..정신 사나우니까 음식이 더 맛없게 느껴지고..흑돼지구이 먹었는데 그냥 기분이 바가지 씌울려고 작정한것같은 느낌입니다..밑반찬이고 뭐고 도대체 가격이 말이 안돼요..비추합...,1,2020.08.29.,박순경
272,모해통갈치화덕구이,당햇다..개 불친절...이래서 리뷰를 보고가야되는군요,1,2019.09.13.,우렁아
273,모해통갈치화덕구이,맛은 괜찮아요. 하지만.. 여자사장님이.....성격이 이상하다고 해야한지... 태도가 진짜 좋지 않았어요. 즐거운 마음으로 놀러 왔는데...이런식당 오는거 .. 너무 재수없었어요.,1,2019.08.05.,강미연
274,모해통갈치화덕구이,8시에 오픈이라고 써 있어서 10시 다 되서 왔는데 오픈 아니라며 짜증내네요~ 기가 막혀서 얼마나 맛있는지 몰라도 기분 좋게 아침 먹으러 왔다가 식구들 기분 드러워졌네요~ 그따위로 장사 하지마세요!!! ,1,2019.03.28.,이현경
275,모해통갈치화덕구이,우리가족 4인 오늘 점심 식사  여기서 아주 푸짐하게 맛있게 비교적 저렴하게 잘 먹었습니다 1미터 길이의(^^) 제주 은칼치구이  불향나는 돼지삼겹살 돌판구이 무 넣고 잘 조린 칼치조림와 온갖 밥 반찬들까지 4인분 133000원  대박푸짐  추천드립니다 후회안하실껄^^ 참 사장님 직접 칼치 가시 발라주고 가족 사진도 찍어주심 참고로  본인은 50대 가장  ...,5,2019.02.04.,손효돈(Hyodon Sohn)
276,모해통갈치화덕구이,,4,2018.10.22.,이미란
277,모해통갈치화덕구이,완전 짜다..일출봉 근처에서 먹지 마시길..,1,2018.08.30.,최현우
278,모해통갈치화덕구이,살이 퍽퍽하고 밋밋 서귀포 네거리 식당을 추천해요,2,2018.07.21.,정한호
279,모해통갈치화덕구이,통갈치화덕구이,4,2017.12.02.,Ryu용환
280,청개구리식당,가성비 맛집이에요. 도민들이 주로 가던데요,4,2021.01.29.,프로혼밥러_coco
281,청개구리식당,,5,2019.09.25.,곽영래
282,청개구리식당,가격도 저렴하고 고기가 정말 좋습니다 물회가 메뉴에 있어서 포장하고 싶었는데 다 떨어졌다며 두루치기를 정성스럽게 포장해 주셨어요 밤이 늦었는데 일행들 숙소까지 태워주셔 감사합니다 ,5,2019.09.25.,한희재
283,청개구리식당,,4,2017.11.25.,성민이 북알프스
284,신례토종닭식당,반찬도 하나하나 다 맛있고 뷰 짱입니다. 댓글보고 망설였었는데 친절하시고 청결도 괜찮았네요. 대만족입니다.,5,2021.08.17.,예경能仁華
285,신례토종닭식당,토종닭이라는 닭만 보고 가야할 식당. 맛도 뭐 쏘쏘... 청결은 최악이었고 반찬 재활용도 의심되었음. QR체크같은것도 없었고 6인이상도 식사하고있었음. 제주시 보건당국은 뭐하는지... 다필요없고 술먹고 해롱해롱이 좋은 아저씨 아줌마들이 좋아할 식당. ,1,2021.08.01.,재벌
286,신례토종닭식당,별1개도 아깝습니다 이렇게 질기고 아삭아삭한 식감은 처음입니다 한시간 정도 익혀서 나온다는 백숙이 이정도면 말 다하지 않았습니까? 방목한 닭을 직접 잡아서 맛이 다를거라던데 그래서 그런 식감인가봅니다.. 식당으로서 중요한 위생도 신고할 정도입니다 파리가 이렇게 많은 식당은 처음 봅니다 안내받은 자리까지 가는데 뉴스에 나올법한 메뚜기떼 같은 파리떼를 해치면서...,1,2021.05.13.,
287,신례토종닭식당,We didn’t know from the front if it was open but just walk near the bathrooms and you’ll see all the seating areas they have!    The mountain scenery was nice.  There was plenty of space to eat withou...,5,2021.03.07.,Christine Pennell
288,신례토종닭식당,친절하시고~ 맛있습니다~ 남한산성에 와있는줄 알았다는ㅋ ,4,2020.10.27.,호vs불호
289,신례토종닭식당,좋아요 추천 드려요 맛나요^^,5,2020.05.30.,조성배
290,신례토종닭식당,닭요리 좋아하시는분  적극 추천합니다 ^^~~,5,2020.05.30.,정순덕
291,신례토종닭식당,닭 회로 나올 수 있는 집입니다. 국물은 살국마를 부릅니다.  매운거 좋아하는 분은 도리탕도 강추인데 국물계열입니다.볶음계열 원하시면 시키지 마세요. 옛날 가든느낌 식당입니다. 깔끔한 현대적 인테리어 원하면 가지마세요. 그런데 닭백숙은 진짜 여깁니다. 한시간전 예약하고 가세요 ,5,2020.05.26.,charlie 3.0
292,초계명가 제주본점,"""사장님....너무 맛있네요 잘 먹고 가요~!"" 손님들 계산할때마다 들리던 소리였어요. 또 갈거에요 !!",5,2021.08.25.,쉬는날
293,초계명가 제주본점,대박맛집 ㅎㅎ 숙소근처라 우연히 발견했는데 이모님도 진짜 친절하시고 반찬까지 맛잇어요ㅠ 저는 초계국수가 젤 맛잇엇어요,5,2021.07.06.,예린
294,초계명가 제주본점,"초계 콩나물 국밥은 비추, 이 맛도 저 맛도 아니라서...  그냥 콩나물국밥은 보통. 찰보리면은 특색은 있음. 맛은 보통.",3,2021.05.25.,제주에 가자
295,초계명가 제주본점,얼큰온면이랑 해장국 먹었는데 깔끔하고 너무 맛있어요! ,5,2021.04.27.,hannahshin
296,초계명가 제주본점,"만두, 초계비빔냉면 조합 최고! 콩나물 국밥도 너무 맛잇어요ㅠㅠ 다음에 또 올래요",5,2020.11.01.,선우🐧
297,초계명가 제주본점,"초계명가 어제 중문에서 술을 잔득 먹고 아침을 먹었는데 속이 확 풀리네요~! 콩나물국밥은 정말 시원하고 맛있었구요, 속이꽉찬 만두와 냉면이 아주 아주 맛있네요~^ 일요일인데 영업하네요~ㅋ",5,2020.05.10.,백창우(미카엘)
298,초계명가 제주본점,얼큰한 냉면과 국밥이 최고,4,2019.07.03.,탐라대왕
299,초계명가 제주본점,"개인적으로 면,육수 최고입니다!! ",5,2019.04.30.,연임조명원
300,초계명가 제주본점,일요일 휴무라는데 수요일 문닫음 전화안받음,1,2018.04.06.,조정래
301,산방흑돼지순대 영어교육도시점,"여기 순댓국으로 강추. 국밥 좋아하는 사람으로써 별기대안하고 그냥 얼큰한거 먹고 싶어서 시켰는데 기대이상! 고기도 ㄱㅊ았고 맛났음. 엄마는 일반 순댓국, 난 얼큰(매운)순댓국시켰는데 엄마랑 나랑 얼큰순댓국이 더 났다고 생각함. 양도 적지도 않고 괜찮았다. 순대도 생각보다 많이 들어감.",5,2021.08.04.,신희원
302,산방흑돼지순대 영어교육도시점,맛있습니다. 약간매운맛 추천,4,2019.12.12.,북풍의등에서
303,동호갈비,"광고 리뷰에 낚임… 맛, 서비스 뭐 하나 괜찮은게 없었음",1,2021.10.18.,백랑
304,동호갈비,멜젓 찍어먹으면 극락의맛 경험가능 제주에서 흑돼지 많이 먹으러다녔는데 솥뚜껑은 처음인데 완전 신세계 이래서 솥뚜껑 솥뚜껑 하나봄,5,2021.10.07.,너넌유우
305,동호갈비,그냥 보이는 곳 들어 갔는데 정말 맛있어요 진짜 가성비도 좋고 물냉면도 너무 맛있고 고기도 너무 맛있었습니다 정말 만족하고 갑니다,5,2021.10.07.,.
306,동호갈비,사장님친절하시고 맛도너무 좋았어요 ㅎㅎㅎㅎ 또방문할게요,5,2021.09.27.,목
307,동호갈비,제주식 겉절이 김치도 너무 맛있고 가성비좋은 곳이였네요! 지인 추천받고 방문한 곳인데 저도 추천하고 다닐거 같아요ㅎㅎ 또 방문할게요ㅎㅎ! 사장님이 너무 친절해서 기분이 좋게 먹고 왔어요 ㅎㅎ 감사합니당,5,2021.09.25.,즤
308,동호갈비,밑반찬도 너무 맛있것도 사장님도 엄청 친절하셨어요 뭐 먹을지 엄청 고민했는데 잘 시킨것 같아요 간도 적당하고 전체적으로 맛있었어요 지인도 맛있다고 하고 여행왔는데 식당 잘 고른 것 같아요,5,2021.09.22.,리오
309,동호갈비,중문 놀러간김에 들렀는데 위치도 좋고 고기도 맛있었어요 찌개도 같이 먹었는데 진짜 맛있었음 ㅋㅋ 밑반찬 엄청 많았는데 다 사장님이 만들었다고 해서 놀랐어요 넘 만족합니다!,5,2021.09.22.,임혜진
310,동호갈비,먼저 친절하게 서비스되어 기분좋게 먹기 좋은 식당이었어요 풍성하고 담백한 고기와 야채들이 섞인 조화로운 맛이 좋았어요 특히 김치의 맛이 맛깔나서 맛있게 먹을 수 있었어요,5,2021.09.15.,
311,동호갈비,제주도에서 먹은 고기중에 제일맛있음  근고기 ..........비계덩어리 보다 백배맛있음 제주도 갈일있음 무조건들리겠음,5,2021.09.06.,kims
312,동호갈비,역쉬! 제주도 하면은 흙돼지!  흙돼지 하면은 동호갈비!  근데 된찌개까지 끝내주는  동호갈비!  거기에 파랑고사리 구워먹으면 더 맛나여,5,2021.09.04.,주정선
313,동호갈비,흑돼지 먹으러 동호갈비 다녀욌어요. 매장은 넓고 깔끔했습니다. 고기 두툼한데 부드럽고 고사리랑 파채 함께 구워서 먹으니 꿀맛이었어요! 된장찌개도 시원하니 맛있었습니다!,5,2021.09.04.,서린
314,동호갈비,물갈비를 처음 접했다 생소한 불판 하지만 남녀노소 외국인 할 거 없이 모두가 좋아하는 맛이라고 장담할 수 있겠다 신선한 쌈 채소와 고기 두 점 그리고 구운 야채들과 함께 먹으면 금상첨화가 따로 없다 필수적으로 얼큰하게 만들어달라고 했던 된장찌개가 역대급으로 맛있었다 굿~~~!,5,2021.09.01.,지요미
315,동호갈비,진짜 찐 맛집 완전 인정.. 돼지양념갈비 너무 맛있었음.. 고기 질도 너무 좋고 특히 양념과의 조화가 대박임. 이쪽 방문할때마다 종종 찾아가고싶은 식당입니다. 식당도 깔끔하고 넓어서 나중에 모임할때도 방문 예정. ,5,2021.08.31.,깍
316,동호갈비,"제주맛집 동호갈비 서귀포시 중문 위치 맛집검색으로 찾아방문 가족여행중 저녁 만찬으로 흑돼지 오겹살, 돼지갈비 배불리 먹었어요 모두 만족스러운 식사에 친절함 그리고 제주현지 느낌가득  유튜브 영상으로 만들어 봤어요 https:",,youtu.be,PikHFUXXg6I
317,동호갈비,깔끔한 구성에 맛도 있어요 친절은 덤  가격은 제주도 물가대비 굿  인근 술집 폐업이라 지나가다 얻어걸린 맛 집임 ㅎ 부산 맛집 선수가 인정 ,4,2021.02.28.,♡근만♡BKM
318,라울,파스타 맛집,5,2021.06.28.,노포탐방대장
319,라울,돌문어 엄청 부드럽게 잘 익었고 편마늘 다진마늘 같이 쓰신거 같은데 마늘향이 아주 좋았습니다.  올리브와 케이프도 아낌없이 들어가 있어서 더욱더 굳! 면 삶기도 넘넘 적당했어요 *간이 약간 강하다고 하실수도 있으나 면엔 간이 많이 배진 않으니 적당하다 생각합니다. 식전빵이 먼저 나왔으면 조금 더 좋았을텐데 메뉴랑 같이나왔어요  그치만 치아바타?도 직접 만드...,5,2021.06.12.,·니규니규·
320,라울,조미료 맛이 아닌 정직한 맛이어서 깔끔하고 파스타 양도 적지 않습니다 바다 바로 옆이어서 밤에 식사하고 밤바다 보고 가니까 좋네요,4,2019.09.11.,최원일
321,라울,스테이크와 함께 할 다양한 소금 구비. 티본은 너무 익혀 나왔다,3,2019.04.27.,golsgnoh
322,라울,,4,2018.05.20.,박현정
323,삼거리식당,평범한 밥이 생각나서 어린 아이들 데리고 방문했습니다. 오래 전부터 오며 가며 봤던 곳이라 궁금했어요.   아이가 어묵 반찬을 잘 먹기에 한 번 더 부탁드렸는데 싸늘하게 어묵 서너 개를 고르고 골라 주시더군요. 인심이 야박하신가보다 넘어갔습니다. 그런데..  계산하는데 은근 슬쩍 돈을 더 받으시더군요. 늦게 알아채고 카드와 영수증을 건네기만 했는데 미안하다...,1,2021.06.13.,켈리
324,삼거리식당,맛있어요 갈치조림 진짜 맛있네요 다른데가서 호구 되시지 마시고 여기 오세요,5,2021.06.05.,카피오카
325,삼거리식당,"맛도 훌륭, 가격도 훌륭. 이상한데서 관광객 호구되지 마시고 여기 가세요~",5,2021.04.01.,Soul.J
326,삼거리식당,"해물뚝배기 만원인데 13,000 "," 15,000짜리보다 꿀리지 않네요. 가격대비 가성비가 좋네요. 노포 맛집 인정!",5,2021.03.19.
327,삼거리식당,현지인 맛집! 노포식당 감성!! 갈치조림 진짜 대박!! 꼭 드세요!! 옆에 sns에서 유명한 관광객 상대 가지마시고 갓성비 좋은 이곳 가는 걸 추천!! 특히 2인 커플이나 부부한텐 양도 딱이고 가격도 착하고 대기도 없음!! ,5,2021.03.07.,비밀맨
328,삼거리식당,갈치조림 역대 최고예요! 해물뚝배기는 쏘쏘,5,2021.02.23.,선인장
329,삼거리식당,점심으로 해물탕을 주문함.  짜고 짜고 짜고 도무지 시원한 맛은 없고 짠 된장 맛만 있음.  해물도 성의가 없음.,1,2020.12.21.,KIM INYEONG
330,삼거리식당,청국장은 멸치육수에 시원한맛 콤콤하지 않아 청국장 매니아에겐 조금 아쉽습니다만 갈치는 최고!!!!!,4,2020.12.15.,부시리
331,삼거리식당,제주방문시 갈치조림먹으러 항상 들리는곳.,5,2020.02.20.,wooney
332,삼거리식당,무 많고 양념 맛있어요. 반찬은 살짝 짰어요. 그거 때문에 별 하나 뺐어요,4,2020.01.21.,맛집킬러
333,삼거리식당,값도 비싸고 불친절 합니다. 8명이서 갔는데 김치찌개 4개에 두루치기? 4개 시키니까 판 하나에 갖다주네요 ㅋㅋㅋ 8명이서 어떻게 먹으라고. 보통 (양 많이 드릴게요) 라고 호객 하는게 정상인데 여긴 많지 않다고 더 시키라고 하는 곳임. 절대 추천하지 않습니다.,1,2019.12.27.,J
334,삼거리식당,전반적으로 간이 짜고 내용물 부실함. 갈치조림 드실꺼면 차라리 1~2만원 더주고 전문점 가시고 그외 메뉴는 절대 비추천함.,1,2019.11.09.,레오나
335,삼거리식당,완전소금덩어리-먹을 음식이 아님,1,2019.10.20.,진석민
336,삼거리식당,난 별루였는데.. 그냥 좀 특색없음,1,2019.08.29.,유리청이쥬니
337,삼거리식당,로컬스러운(?) 맛집이네요. 갈치조림 맛있습니다.,4,2019.06.08.,jmmm
338,삼거리식당,착한 가격 통통한 갈치 잘 먹고갑니다,4,2019.05.21.,코자
339,삼거리식당,"다른 음식점 동일 메뉴 대비 착한음식점.  가격뿐만아니라 맛또한 좋음.  관광객을 호구로 보는 제주에서 김치찌개와 청국장을 파는 몇안되는곳?  가성비, 맛 좋습니다 가볼만해요.",4,2018.10.17.,지역가이드
340,삼거리식당,그냥그런 맛! 가격은 착함!,2,2018.09.01.,"the genius co.,ltd."
341,삼거리식당,,3,2018.07.19.,석수영
342,삼거리식당,"큼지막한 생선 덩이와 무--- 고등어조림은 입맛을 당기고, 갈치조림은 입에서 녹는다. 밥 도둑! 밥을 꾹꾹 담아 주시는데 그걸 다~ 먹게 된다. 매콤한 맛이라 같이 나오는 심심한 미역국이 딱 좋다. 기사식당 분위기지만 그래서 가성비 갑이닷.  ",5,2017.12.28.,쑥
343,에르미타주,좋은곳 친절히 설명해주는 셰프님이 있는곳 ,5,2021.07.11.,정그래
344,에르미타주,쉐프님 설명 잘 해주시고 친절하시고 음식 맛있어요~ 사진은 2020년 10월,4,2021.05.30.,차차
345,에르미타주,특별한날 특별한음식을 먹을 수 있는 곳이에요! 제주에서의 특별한 기억을 남길 수 있었던 곳이었어요 :) 다음에 제주도 갈때 또 가보고싶어요~,5,2020.11.14.,DN
346,에르미타주,제주에서 가장 애정하고 맛있는 프렌치 다이닝 강.력.추.천.,5,2020.08.22.,hoon26
347,BHC치킨 신서귀포점,기프티콘 쓴다고하니 목소리톤 바뀌면서 업체주문 많으니 인터넷주문 이용하라고 함,1,2021.03.10.,이혜민
348,BHC치킨 신서귀포점,"영업중 떳는데 전화하니까 휴가중...ㅋㅋ 꽝,다음기회에ㅋ",5,2020.08.10.,나른한햇살에취해
349,BHC치킨 신서귀포점,양심장사하자;;,1,2020.02.18.,지환
350,BHC치킨 신서귀포점,쿠폰쓰면 말투 달라지고 육지랑 닭가격이 달라서 1000원 추가 비용 내라고 하네요~~ 희안하네,1,2020.01.21.,인혁
351,BHC치킨 신서귀포점,괜찮네요. 맛있어요.,4,2020.01.15.,‭ ‭ ‭ ‭ ‭ ‭ ‭
352,BHC치킨 신서귀포점,.,1,2020.01.01.,Noel
353,교촌치킨 대정점,,5,2021.09.23.,하르
354,교촌치킨 대정점,주방장이 바뀌었나요? 튀김상태가  않좋고  닭냄새나고  배달비가 3천원이라니..ㅡㅡ.,2,2021.08.19.,낭만식객여행자
355,교촌치킨 대정점,허니콤보 진짜 맛있어요ㅠㅠ,5,2021.03.06.,개마리앉아
356,교촌치킨 대정점,기름지고 딱딱함. 생닭이 아니라 냉동닭인듯 뼈가 거무티티 한것도 있음. 가격대비 품질이 조금씩 떨어지고 있음.,2,2021.02.19.,대정헬기 김용호
357,교촌치킨 대정점,,4,2021.01.24.,문수영
358,교촌치킨 대정점,치킨 너무 기름짐..떡볶이는 맛ok 떡이 너무 적다 9천원인데 15알정도?,2,2020.11.12.,메롱
359,교촌치킨 대정점,그냥 프렌차이즈점의 교촌치킨 ,3,2020.11.09.,은방울꽃
360,교촌치킨 대정점,"지점마다 맛은 조금씩 다른 거 같아요. 그래도 아래 댓글들이 말하는 정도는 아니고요, 교촌이 그리울 때 꽤 괜찮습니다.",4,2019.12.08.,두근
361,교촌치킨 대정점,안될줄알았는데 왕복20k넘는거리까지 배달해주셔서 넘감사했어요 그래서 팁도드렸어요ㅎㅎ,5,2019.06.26.,ms
362,교촌치킨 대정점,닭이 너무 별로였음  안타까움,1,2018.08.07.,최지혜
363,교촌치킨 대정점,배달이 카드가 안되서 당황했음.,1,2018.07.05.,jienn0987
364,마므레,"무조건 샘플러 드세요 사실 여기 알게된 이후로 샘플러밖에 안먹어봤지만 가성비, 맛 미친가게입니다. 거짓말안하고 제주도 갈 때마다 찾게되는 맛집입니다. 양고기 퀄리티도 장난 아닙니다",5,2021.10.17.,김기현
365,마므레,What a wonderful grilled food. 양이 적다고요? 그 가격 내곺얼마나 많이 드실라고요? 양고기를 강추. 양갈비 안드셔본 뷴들은 양고기 자체에 호불호가 있겠지요. 양갈비 초보자들에게 강추. 육즙이 살아있게 그릴링 하는게 얼마나 어려운데 제게는 너무 맛있었습니다. 사장님 내외분도 너무 친절하시고 제주 여행에 대해 이런 저런 따뜻한 대화도....,5,2021.10.14.,유삼형
366,마므레,궁금해서 가봤는데 ... 욕이 나올라했지만 놀러온거라 화내기 싫어서 참음 근데 가격이랑 마인드는 개판  일단 사진에 저게 흑돼지그릴 600그람임 (59000원 짜리) 바로전날 흑돼지 숯불구이 3인분 54000짜리 시켜서 어른2명 애2명이서 넉넉하게 먹었을때 생각하고 생각하고 저거 하나 시켰는데 주인장이 하나로 되겠어요? 하면서 음식이 나오는데 고기 600그...,1,2021.07.19.,황성현
367,마므레,궁금한 사람은 가보시길.ㅎ,1,2021.06.25.,부동산
368,마므레,통삼겹 밑에 양파가 덜 읶었 생양파 맛이남 바닦의 기름이 좀 짬 라엔은 숙주를 좀 만 더 주셨으면 국물이 좀 짬  사장님의 음식을 좀 짜게 드시는 듯 그리고 라멘의 돼지기름이 쬐끔 많네요 ,2,2020.12.14.,도도
369,마므레,,5,2020.12.02.,고영희
370,마므레,마인드가... 아주 별루,1,2020.11.04.,CEJ
371,마므레,남길줄 알았는데 다먹었네요^^ 정말 맛있는 고기집입니다. 서귀포 해안도로 지나가다 꼭 들리세요~~^^ 7살짜리도 맛있다고 우걱우걱 먹네요. 흑돼지라멘 국물이랑 덥밥이랑 같이먹으니 완전개운~~~  후라이팬에 야채와함께 먹음직스런 비주얼~~♥♥♥,5,2020.10.03.,이형권
372,마므레,폭립이 아들야들하니 사르르 녹는다,5,2020.09.30.,journey
373,마므레,주인님최고 친절해요 양고기 좋아하는 사람강추 ,5,2020.08.18.,홍경순
374,마므레,삼겹살과 폭립은 고기가 부드럽고 맛있었다. 하지만 라면과 덮밥은...노맛... 가격이 많이 비싸지만 고기만큼은 맛있었다!,3,2020.08.03.,먹깨비
375,마므레,흑돼지 구이를 먹기위해 선택한 곳입니다.  주차,,,
376,마므레,"아이를 데려간다니 정말 친절하게 맞이하여 주셨고요, 아이들이 차에서 잠들어 포장해서 가겠다고 하니, 비오는날이라 그런지 바로 따뜻한 아메리카노를 주시며 2분만 기다려달라 하셨고요, 또 젤라또도 가는길에 먹으라며 주셨어요.(남편과 사장님이 우연히 대학동문인걸 알고 ^^) 친절만 하고 맛없으면 글 안남길랬는데, 호텔도착해서 일어난 6세아들이 통삽겹바베큐를 먹고...",5,2020.06.18.,에리니
377,마므레,제주에와서 정성이 들어간 밥은 처음 먹은 것같아요. 맛도 정말 맛있고 가격도 저렴하고 사장님도 너무너무 친절하세요 다음에 잊지않고 또오려구요.,5,2020.05.14.,김윤영
378,마므레,마싯슴돠. 친절한 사장님.,4,2020.05.02.,내꿈은한량
379,마므레,,4,2020.03.09.,이정현
380,마므레,핵존맛. 바베큐 플레이트인데 저렴하고 맛은 최고,5,2020.03.09.,jonghwa
381,마므레,,5,2020.02.04.,권혁
382,마므레,,5,2020.01.27.,오나연
383,마므레,"내가 태어나서 먹은 삼겹살 중 최고의 맛이었습니다.  수육과 구이의 장점을 살려서, 부드러우면서도 깔끔한 맛이었고 이번 제주 여행 중에 제일 기억에 남습니다.  가성비도 좋아서 다음 제주 여행에도 꼭 들릴 예정입니다.   그리고 함께 먹은 흑돼지라멘도 맛있었습니다 ∼",5,2019.06.12.,리파통
384,마므레,가격. 비싸고. 맛없음 ,1,2019.02.03.,sunmi
385,마므레,사장님 너무 친절하시고 맛도 너무 좋았습니다. 폭립 특히ㅋ 강추해요!!,5,2018.06.01.,HM
386,마므레,폭립 완전맛남 사장님들 친절하심 가격도 적당한듯,5,2018.06.01.,sk
387,마므레,,4,2020.03.09.,이정현
388,마므레,핵존맛. 바베큐 플레이트인데 저렴하고 맛은 최고,5,2020.03.09.,jonghwa
389,마므레,,5,2020.02.04.,권혁
390,마므레,,5,2020.01.27.,오나연
391,마므레,"내가 태어나서 먹은 삼겹살 중 최고의 맛이었습니다.  수육과 구이의 장점을 살려서, 부드러우면서도 깔끔한 맛이었고 이번 제주 여행 중에 제일 기억에 남습니다.  가성비도 좋아서 다음 제주 여행에도 꼭 들릴 예정입니다.   그리고 함께 먹은 흑돼지라멘도 맛있었습니다 ∼",5,2019.06.12.,리파통
392,찰스앤바비,가게 분위기 미쳤!! 시그니쳐 칵테일 다 마셔보지만 알쓰인 내가 밉다ㅠ 요기 강추,5,2021.10.15.,안느
393,찰스앤바비,다른데 가세욥,1,2021.10.14.,sun
394,찰스앤바비,,1,2021.08.11.,오구리슝
395,찰스앤바비,분위기도 그렇고 가격까지.. 제주도에서 이런 곳이 있었다니 저세상 힙,5,2021.08.01.,hoho
396,찰스앤바비,찰스 사장님 스타일 너무 힙하심ㅋㅋㅋㅋ 다들 친절하고 분위기 완전 미쳤음 ㅠ 7시-9시 진토닉 해피아워 개꿀!,5,2021.07.12.,neud
397,찰스앤바비,내 살다살다 이런 텐션 좋은 맥주집은 와본적 없네요. 캄보디아 말랴꿍 풍의 느낌과 깐다삐아 스페이스의 조화 그리고 주류도 주변 가게들 보다 저렴하네요. 그리고 밑에 댓글보니 호텔 숙식할때 소음이 심하다고 하는데 제가 여기서 23 번 잤지만 소음은 1도 없습니다. 그리고 하나 단점은 머리긴 사장님(찰스?) 이 웃을때마다 기분은 썩 좋지않아요 ^^;;. 그거말...,5,2021.07.02.,Kth
398,찰스앤바비,내 살다살다 이런 분위기 좋은 펍은 와본적 없네요.  어메리칸 웨스턴 풍의 느낌과 한류의 조화  그리고 주류도 주변 가게들 보다 저렴하네요  중문해수욕장 근처에 있어서 위치도 좋습니다.  중문에 놀러 가셨다면 여기 강추 !!!,5,2021.07.02.,태현
399,찰스앤바비,분위기 섹시합니다. 서귀포에 이런 술집이 있는지 이제 알았네요~ 좋다좋다:D 친구들과 신나게 잘 놀다왔어요.,5,2021.07.01.,시대
400,찰스앤바비,오감을 자극하는 공간!!!!!,5,2021.06.24.,일이
401,찰스앤바비,이 업소때문에 시끄러워서 잠을 못자네요. 소음도 소음인데 엠프 진동에 건물이 울립니다. 호텔 자체도 방음이 약한데 이런 클럽수준의 펍이라니.... 사람들도 나와서 큰소리로 떠들고 사람도 많은데 거리두기는 지켜지는지 궁금해지네요,1,2021.03.14.,👏👏👏
402,찰스앤바비,쌍화탕이 들어간것 같은데 단 한방울도 들어가지 않았다는 (ㅋㅋ)시그니처 칵테일 쌍화 그리고 겨울 특별메뉴 직접 끓여 만드신다는 뱅쇼 먹었는데 정말 맛있었어요.  서울 을지로 에서만 보던 느낌의 펍을 제주 서귀포에서 볼수 있었어요. 제주에 이런감성의 펍 찾아볼수 없었는데 정말 좋네요ㅠㅠ 또올래요,5,2020.12.07.,다혜
403,찰스앤바비,맛도 좋고 분위기도 좋고! 다 좋았어요 친구랑 갔는데 오랜만에 분위기 좋은 곳 찾아서 너무 좋았어요:),5,2020.07.03.,윪
404,찰스앤바비,분위기깡패~ 메뉴도 다양해서 좋아요 ! 인생샷 남기기도 좋은 펍^-^,5,2020.07.02.,VIVIAN 高慧源
405,찰스앤바비,분위기진짜작살남. 제주도에 이런곳찾기 힘든데  완전 취향저격당했네요.,5,2020.07.01.,김다이
406,찰스앤바비,제주도에 이런 분위기좋은 펍은 처음가봐요!! 여행왔다가 친구랑 칵테일 맛있게 먹었네요ㅎㅎ!!  안주로 피자시켰는데.. 피자집인줄 알았어요.. 너무 맛있어요,5,2020.06.30.,룽룽
407,찰스앤바비,분위기가 마음에 들어요! 그리고 피자가 맛있었고 술이 술술 들어갑니다 ㅎㅎ,5,2020.06.29.,ONE
408,임숙현돼지주물럭,맘에 안들어요 혼자가면 재료가 없다고 혼자온 손님은 안받아요~~,1,2020.12.01.,이광수
409,임숙현돼지주물럭,오후3시까지만 한데요,3,2019.04.21.,조충익
410,나트랑,맛있는데 왜 맛없다고 하지… 메뉴들이 약간 한국화 되어있는 느낌? 이라 편하게 먹을수있어요. 양지쌀국수 차돌쌀국수 매운해산물팟타이 분짜 먹어봤는데 맛있습니당 특히 매운해산물팟타이 추천합니당 그리고 몇번 가봤는데 양 적다는 생각은 안들었어용 인테리어도 깔끔하고 예뻐요. 안쪽에 앉으면 뷰 좋은 창가도 있어요 ,5,2021.06.22.,.
411,나트랑,맛 없습니다. ,1,2021.04.20.,HYUNJIN SONG
412,나트랑,쌀국수 복음면 추천 밥종류x,3,2021.04.03.,메롱
413,나트랑,양은 적지만 음식 맛은 좋아요. 두명가서 세개 시키면 딱 좋습니다 가게 분위기도 괜찮고 인테리어 예쁘네요,4,2020.11.19.,제주소녀
414,나트랑,양 완전 작고 백화점 푸드코트수준 똠양꿍 코리안 스타일???,2,2020.08.29.,soon
415,나트랑,블로그 평이 광고인건지 원랜 맛집인데 초심을 잃은건지.. 노맛,2,2019.11.13.,길멍
416,나트랑,Great food and excellent value for money ,5,2019.08.28.,Barry Maher
417,나트랑,기본은 합니다.  소스가 맛있네요. ,4,2019.07.14.,이건우
418,코소롱,스타우브 미니솥은 이렇게 쓰는거구나 하고 한 수 배우고 갑니다^^ 그릇도 깔끔한 음식맛도 너무 맘에 드는 식당이었어요! 일본갬성?의 한식맛이랄까 ㅋㅋㅋㅋㅋㅋ 조미료 없이 칼칼한 맛이 나는 명란두부찌개도 맛있었고 양념장 비벼먹은 문어부추솥밥도 맛있었어요~ 다음엔 아보카도명란솥밥 먹으러 또 갈게요!^^*,5,2021.03.13.,moonee♥
419,코소롱,자극적이지 않고 간결하고 깔끔한 재료 본연의 맛에 충실한 곳. 근처에 갈 일이 있다면 꼭 다시 가고싶음.,5,2020.02.02.,청준
420,코소롱,꼭 한번 맛보시라고 강추합니다!,5,2019.08.23.,♥변덕환
421,탐라만찬,무기한 휴업상태입니다~~참고하세요,3,2020.06.17.,박진석
422,탐라만찬,가지각색으로 메뉴가 다양하고 맛있어요.,5,2018.10.11.,유미
423,제주마루,맛있는데 먹고나서 설사함…,2,2021.10.16.,고영희
424,제주마루,해물뚝배기+제육볶음+옥돔구이 2인 세트 4만원. 메인 메뉴 훌륭하고 반찬까지 맛집.,5,2021.08.19.,무야호
425,제주마루,"갈치구이 먹었는데 세상 퍽퍽하고 너무너무 짜요.. 식당 사장님 친구인지 지인인지는 모르겠는데 부부가 마스크도 안끼고 출입하고, 출입명부 작성도 안하고 밥먹고 가고.. 최악.. ",1,2021.08.01.,문혜진
426,제주마루,전복성게국 먹었는데 넘 맛있네요 전복도 튼실하고~,4,2021.03.07.,유재영
427,제주마루,고기가 좋아요  ,5,2020.08.16.,은개미.kim
428,제주마루,후기가 좋아 가서 모듬해물 먹었는데 관광지라 그런지 가격 대비 양이 적어 서울보다 약 50%쯤 비싼거 같습니다.,1,2019.10.30.,소성(웃자~^^)
429,제주마루,,2,2019.06.28.,먹기위해사는사람
430,제주마루,"갈치조림4만원, 시켰는데 엄청비싸구 하나도맛이없네요 같이가신어머니도 맛있는건아니라구하시고 갈치조림은 비추에요 조림이맛없기도힘든데..돈이아깝네요ㅠㅠ",1,2019.06.26.,Agnes
431,제주마루,제주맛집 추천입니다 가성비최고고요~,5,2019.05.16.,신현미
432,제주마루,갈치조림 2인.소 4만원으로 올랐네여.미역국을.주긴해요~음식이 다  간이 강해요~ 갈치는.신선하고 커요^^,3,2019.02.07.,soo
433,제주마루,맛있고 반찬잘나옴,5,2019.02.07.,중구용산구
434,제주마루,별 한나도 아까워 비추 절대 비추,1,2018.06.16.,병주고약주고
435,제주마루,양도 꽤 많이 주고 맛도 괜찮아요. 가격은 살짝 비싼듯하지만 양을 넉넉히 주기때문에 그렇게 비싼편은 아니에요. 전복죽은 그냥저냥이고 흑돼지 제육볶음이랑 옥돔구이 해물탕은 맛있어요. 일하시는 분도 잘응대해줘서 좋아요,4,2018.05.26.,김혁
436,화산흑돈마루,별점1점때문에 고민했는데 맛있고 서비스도 좋네요 왜 1점인지 모르겠어요 안타까워서 5점드립니다 돼지구이세트시켰는데 고기도 맛있고 밑반찬도 맛있어요 딱새우랑 전복도 주셔서 맛있게 먹었어요,5,2021.02.24.,경주
437,명원정,도민 맛집 으로 맛 서비스 최고 입니다. 고소한 오리로스 ~~ 특히 식사후 먹는 칼국수는 일품입니다.^^,5,2020.08.26.,한일ㅣ
438,마라도해녀촌자장,"배 타고 마라도에 가서 구경하기 전에 짜장, 짬뽕 하나씩 주문해서 먹었는데 정말 맛있었어요 짜장면도 맛있었고 짬뽕엔 해물이 많이 들어가 국물도 시원하고 좋았습니다 추천해요 ~",5,2021.10.19.,정성주
439,마라도해녀촌자장,사실 4.5점정도 주고싶어용! 마라도 자장면집 평점이 대체적으로 안 좋아서 별 기대 안 하고 먹었는데 생각보다 맛있었어요~~ 같이 간 사람들도 만족했어요 사장님도 친절하시고용,5,2021.10.03.,닭발쨩
440,마라도해녀촌자장,,5,2021.09.27.,김진우
441,마라도해녀촌자장,자장은 평균.. 짬뽕은 평균이하 탕수육은 평균.. 청보리 막걸리 아니올시다..,2,2021.08.27.,사브작사브작
442,마라도해녀촌자장,나름 맛 괜찮음. 톳이 들어가서 특색있음. 짬뽕에 해물도 많은편임. 직원도 친절함.,4,2021.07.18.,아디오스
443,마라도해녀촌자장,후기가 너무 안좋아서 마라도가는 여객기 안에서 망연자실...  선착장 내리자 마자 창가에서 먹고 있는 분들있어서 맛 있냐고 물어보고 먹었음ㅋ 짜장면 면좀 불은거 제외 맛은 있음. 짬뽕은 원래  잘안먹는데 진짜 인생짬뽕이었음 속는셈치고 먹어보셈 돈이 아깝지 않음 강추!! 탕슉도 비린내  안나고 깔끔했음. 너무 맛나게  먹느라 사진못찍어서 아쉽ㅜ 너무 맛있게 ...,5,2021.07.02.,김철웅
444,마라도해녀촌자장,"냉동 해산물 먹으면 두드러기 올라오는데, 냉동 해산물인가 봄. 탕수육만 현금이라 황당하긴 했지만 짜장보단 탕수육이 나음.",2,2020.11.05.,🌱
445,마라도해녀촌자장,처음 온 마라도 한바퀴 신나게 돌고 와서 톳짜장이랑 탕슉 욤욤욥욧뇹!!! 맛없을리 있나요 맛없을지라도 이런곳 와서 장사하시는분들 계시니 이리 먹을수 있쥬 탕수육 부드럽고 꿀맛 인정 (교정기 하고 있어도 먹는데 편안히 먹었어용) 맛있어서 만점!!!!! 혹 맛없을지라도 만점!! 자리 지키고 장사하시는분들 힘들어요ㅠㅠ 평점 낮게 해서 관광소에서 장사지장 주지 맙...,5,2020.10.21.,한잔 할께용!~
446,마라도해녀촌자장,톳짜장 톳탕수육 넘 맛있게 먹었는데 탕수육 10000원은 현금으로만 받음ㅋㅋㅋㅋㅋㅋ 뭥미,4,2020.09.25.,j
447,마라도해녀촌자장,친절하시고..짜장 짬뽕둘다맛있었음..비싸지만 가격야머 섬전체가 똑같으니까^^;;,5,2020.09.19.,paul
448,빨간대게킹크랩,스끼다시도 잘나오고 대게도 너무 맛있었어요 특히 새우장 많이 짜지도 않고 맛있었어요,5,2021.05.07.,kiecoo
449,빨간대게킹크랩,대게맛있다,5,2020.07.08.,UL3
450,빨간대게킹크랩,블로그 광고에 속아서 찾아간.. 별한개도 아까운 형편없는 집!! 돈 아깝다는 생각을 하시려면 추천합니다. ,1,2019.10.24.,다운시프트
451,이가네일품해장국,맛집이면서 친절하기까지,5,2021.10.16.,슈퍼방랑자
452,이가네일품해장국,요기는 정말 제입맛에 딱 맞춤이예요~~~ 선지를 빼도 양이 넉넉해서 좋고 반찬은 많지 않아도 맛있어요~~ 강추강추요~~~^^,5,2021.06.15.,동네사람
453,이가네일품해장국,시원하고 깔끔한 해장국 서귀포 맛집 인정!,5,2021.02.20.,블루칩스
454,이가네일품해장국,,5,2020.03.20.,김도야지
455,이가네일품해장국,"맛,가격 모두 good !!!",5,2019.03.04.,Jo
456,바당포구,숨은 맛집이였네요 ㅎ 혼술 하러 왔다가..술술 들어갑니다. 사모님이 화순분이라 밑반찬이.너무 맛나고. 사장님이.너무 친철하시네요 ㅎ 고등어 구이도 직접. 와서 직접 맛보세요 직접 조리하신거라고 사장님.자부심이~ 제주 한달살이 혼밥러 대표로~ 바쁘시더라도 혼밥러 거부하시면 안된다고 하니. 없는 자리라도 만드신다니 ~ 꼭들리세요~ ,5,2021.10.13.,신희찬
457,바당포구,찾았다 맛집 대낮부터 아저씨들 소주까고 있는 집이면 말 다한거아닙니까,5,2021.09.01.,illiil
458,바당포구,활어를 즉석 잡아서 조리하는 조림은 다른 곳에서 맛보기 힘듬! 친절하며 장사치의 얄팍함이 전혀 없음. 주위에 있는 유명식당 보다 훨씬 깔끔하고 저렴하며 우수하며 친절함. 강력추천함!,5,2021.07.24.,SEO
459,바당포구,최고에요 !!  사장님 친절하시고 음식이 짜지않고  넘넘 맛있게 먹었어요...,5,2021.04.29.,심오공 소중한보물
460,바당포구,싱싱한 고등어회와 갈치 조림이 무척 맛있어요. 성게 미역국은 성게향이 향긋하고 맛이 좋습니다. 모슬포 가면 반드시 방문해야할 맛집으로 강력하게 추천합니다.,5,2021.04.21.,hye lee
461,바당포구,제주도 지인분 소개로 찾아간곳인데 장인 장모님 지인분들모시고가서 칭찬칭찬 받았어요. 횟집하시는분들인데 회 맛있다고하시고 조림도 넘 맛있게 드시고 뿌듯한 자리였습니다. 주인 부부분들도 넘 친절히 잘 해 주시구요. 모슬포에 숨어있는 보물 같은 집이었어요. ㅎㅎ ,5,2020.12.08.,맛자랑
462,대정족발 영어교육도시점,,5,2021.07.20.,쫑
463,대정족발 영어교육도시점,,5,2021.06.21.,투민사랑
464,대정족발 영어교육도시점,"직화로 드시면서, 매운맛은 날치알밥으로 달래주시고, 누룽지로 중간 중간 입맛도 개운하게 하면 최고로 맛나게 드실 수 있을 거예요  제주 최고 족발집이라 자신합니다~ 같은 대정족발이래도 모슬포 대정족발보다 맛난거보면 여기 어머니 손맛이 맛의 비법같아요",5,2021.03.27.,대정김목수
465,대정족발 영어교육도시점,매운족 굿 스끼다시 굿,5,2020.11.14.,메롱
466,대정족발 영어교육도시점,늘 맛있음,5,2020.08.25.,루
467,대정족발 영어교육도시점,,4,2020.06.10.,박성근
468,대정족발 영어교육도시점,Great introduction to bossam. It was delicious!,5,2018.10.30.,Melissa Ferris
469,모루쿠다,음식 다 맛있었어요. 잘 튀겨진 생선에 소스가 넘 잘 맞더라구요. 다른 스시 메뉴도 먹고싶엇는데 두명이라ㅠ 어탕수 생각보다 큽니다. 최소 2인이서 드셔야해요. 둘이서 어탕수랑 연어장덮밥 시켜서 배터지는 줄 알았어요 ㅋㅋ술 종류도 많더라구요. 다음에 주위 숙소 잡아서 한잔 하고싶네요.,5,2021.09.11.,노네노네노
470,모루쿠다,정말 맛있습니다 어탕수부터 밥종류도 맛있고 안주류도 맛있고~~ 자꾸자꾸 생각이 나죠~~  정말 최고예요~ 누가 맛집 물어보면 꼭 알려주는 집 중 하나예요~~^^,5,2021.02.20.,고경화
471,모루쿠다,"정말 맛있는 집인데 먹어보지도 않고 가격표 안올렸다고 1점주는 꼬라지보고 댓글남깁니다. 매번 갈때마다 만족하고 소주맥주이외에 다양한 주류가 준비되어 있어 너무 좋습니다. 모츠나베, 어탕수는 꼭 드셔보시길",5,2021.02.04.,초이
472,모루쿠다,아니먹어보질 않았는데요 가격표도 올려주시면 좋겠네요  맛도 물론 가격도 합당해야죠,1,2020.12.28.,..
473,모루쿠다,,5,2020.12.24.,서임
474,모루쿠다,라멘도 덮밥도 너무 맛있어요 !! 우연히 들어왔는데 숨은 맛집입니다. 친구가 올레시장 근처에 온다고하면 추천해줘야겠어요     ,5,2020.07.17.,수진
475,모루쿠다,"직원분 친절했고요. 노키즈존 아니었어요. 공간도 넓은 편이라 저희는 유모차로 아기를 데려갔지만, 아기 의자도 준비되어 있는 듯 했어요.❤ 아기 엄마 아빠도 술 먹을 수 있게 해주셔서 감사합니다. ❤❤     기본 반찬부터 이것 저것 다 맛있음!! 진짜 띠용 메뉴가 가벼운 것부터 시작해서 다양하고, 재료가 신선하고 좋음. 식사로 가도 좋고, 안주로 가도 좋은...",5,2020.05.24.,노키즈존 ㄴㄴ
476,모루쿠다,나름 한잔하기 괜찮은 곳입니다 도민들 단골 많으곳~~^^,4,2020.05.11.,톡 terri1
477,모루쿠다,연어장아보카도 덮밥은 부드럽고 문어전복장덮밥은 쫄깃한 식감이 살아있어요. 간이 딱 맞아서 정신없이 먹었네요. 메인 뿐만 아니라 반찬과 사이드메뉴도 맛있어요~,5,2020.05.08.,도민
478,모루쿠다,여기 사장  예의없음ㅋㅋㅋㅋㅋ 맛? 별론데? 이돈주고 왜먹음?,1,2020.03.31.,양지연
479,모루쿠다,서비스 좋고 맛도 좋아요 단골집^^,5,2019.12.18.,노력은결실이다
480,모루쿠다,손꼽는 이자카야입니다 사시미 생각나네요,5,2019.11.26.,오아시스
481,역전할머니맥주 제주동홍점,마시써효,1,2020.11.17.,김명중
482,역전할머니맥주 제주동홍점,,5,2020.06.18.,김주영
483,역전할머니맥주 제주동홍점,오징어입 버터구이 아니고 살짝 데쳐서 구워서 나온거 같아용,3,2020.06.09.,상헌
484,제주약수터 올레시장점,맥주 사갈만합니당 각각의 매력이있어서 맛나게잘먹었습니당,4,2021.10.09.,prisa
485,제주약수터 올레시장점,택배예약하고 받았는데 김이 다 빠지고 매장서 먹은거랑 완전 다른맛이에요 그나마 올레길은 나은데 나머지는... 친절하고 매장서 먹는건 강추하지만 택배슨 완전 비추에요,3,2021.10.07.,백매력
486,제주약수터 올레시장점,,5,2021.09.24.,담찌
487,제주약수터 올레시장점,맛있어요 시음 추천도 해주시고 친절하셔서 좋았어요 ! ◡̈,5,2021.08.07.,세영
488,제주약수터 올레시장점,하나는 맛있고 하나는 평범,4,2021.08.04.,hj
489,제주약수터 올레시장점,맛있는 것도 많은데 생각보다는 별로인 것도 있음. 시음할 수 있다는 게 큰 메리트고 기다리는 동안 추가로 시음 서비스 해주는 점이 매우 특이하면서 좋은 점.,4,2021.07.25.,뭘봐
490,제주약수터 올레시장점,,5,2021.07.10.,망둥이
491,제주약수터 올레시장점,종류별로 500씩 사서 하루에 한병씩 먹을 가치 있음,5,2021.06.29.,?
492,제주약수터 올레시장점,,4,2021.06.19.,채은
493,제주약수터 올레시장점,"제주 수제맥주이니 한번쯤은 먹어보는걸 추천하지만, 굳이?? 싶네요. 맛이 없음. 편의점 4캔 사서 드세요.",2,2021.06.16.,무케무케
494,제주약수터 올레시장점,여기 왜 핫한지 알 것 같아요.,5,2021.05.20.,밥슐랭
495,제주약수터 올레시장점,다음 제주여행때에도 꼭 들를 것 같아요. 벌써 생각나는 맥주맛ㅠㅠ 원래 3가지 맛만 시음하는 거였는데 어쩌다보니 5종류 먹게된 나자신을 발견했습니다...! 직원분들 너무 친절하셔요!!,5,2021.05.11.,ejej
496,제주약수터 올레시장점,너무 맛있어요 시음도 해볼 수 있고 굿 ,5,2021.04.22.,g_w_on
497,제주약수터 올레시장점,시음할 수 있게 해주셔서 넘 좋습니다!!!,5,2021.04.02.,령아
498,제주약수터 올레시장점,직원분들 친절하고 맥주도 다양하고 좋아요 다만 매장이 작아서 그 부분이 아쉽네요~,4,2021.04.01.,도날드
499,제주약수터 올레시장점,올레길 추천. 매장이 좁아 아쉬움. 맥주 가격 쎈편,4,2021.03.11.,메롱
500,제주약수터 올레시장점,직원분들 다들 너무친절해서 기분좋아지는 곳입니다 홀이 작아서 홀에서 즐기긴 좀 힘들어보이지만 맥주도 특색있고 맛잇었어요 올레길 진짜 맛있습니다,5,2021.02.07.,wow
501,제주약수터 올레시장점,맥주도 맛있고 친절해서 좋았어요♡ 시음 할수 있는게 좋았고 추천해주신거 위주로 샀는데 다 맛있어요 매력적 ! ,5,2021.02.04.,E
502,제주약수터 올레시장점,너무 맛있어요!! 맥주 최고,5,2021.01.01.,은방울꽃
503,제주약수터 올레시장점,제주여행중에 매일 갔어요 !!!  제주 갈때마다 갈거같아요 ღ’ᴗ’ღ ,5,2020.12.29.,김스타
504,제주약수터 올레시장점,https:,,m.blog.naver.com,jhb916
505,제주약수터 올레시장점,,5,2020.12.13.,조단샘
506,제주약수터 올레시장점,"시음해볼 수 있는 것은 좋았으나, 맥주 흉내낸 음료 맛 같아요. 세 가지 맛 보고 안 살 수가 없어서 그나마 나은 것 한 병 샀는데, 조금 먹고 버렸어요...",2,2020.12.05.,june
507,제주약수터 올레시장점,,5,2020.11.08.,.
508,제주약수터 올레시장점,제주 수제 생맥주 넘 맛있네요 ㅎ 직원분들도 다들 친절하시고 올레시장 음식 사와서 같이 먹게 해주시는 것도 좋아요~ 앉아서 마실수 있는 자리가 몇개 없는게 아쉽지만 포장해서 숙소에서 즐기시면 될것 같아요. 인기가 너무 많아서 줄을 아주 오래 서야 하지만 꼭 드셔보시길~ ㅎㅎ,5,2020.11.05.,맛잘알
509,제주약수터 올레시장점,종류가 꽤 많은데 한팀당 3잔까지 시음 가능해서 마음에 드는 맥주를 선택할수있었고 포장해서 먹을수있어서 좋아요.,5,2020.10.18.,J
510,제주약수터 올레시장점,김초록이 인정한 제주슬라이스 맛집,5,2020.10.10.,김초록
511,제주약수터 올레시장점,진짜친절해여 패키지이뻐요  맛은 흠...개인적으로는그냥그래영 맥주좋아하는사람들은 좋아할거같아요,4,2020.10.04.,나더
512,제주약수터 올레시장점,"굉장히 친절하시고, 시음해 볼 수 있는 것도 좋았음. 취향에 따라 추천도 해주심. 자리가 많지 않으니 포장 추천드려요",5,2020.09.21.,화장실시리즈
513,제주약수터 올레시장점,제주여행 갔을때 먹어봤는데 맥주가 고급진 느낌? 진짜 최고였어용,5,2020.09.17.,FLEX
514,제주약수터 올레시장점,설명도 친절하게 잘 해주시고 맥주도 맛있어요~,5,2020.09.03.,수빈
515,제주약수터 올레시장점,추천합니다! 먹고 포장도 해왔어요~~  또먹고싶어요 엉엉엉엉엉엉엉엉엉엉엉엉엉엉엉엉엉엉엉엉엉엉엉엉엉엉엉엉엉엉엉엉엉엉엉엉엉엉엉엉엉엉엉엉엉엉엉엉,5,2020.08.31.,맛있으면우는펭수
516,제주약수터 올레시장점,넘마싯어서 벌컥벌컥마심 갠적으로 대학로 추천,5,2020.08.02.,Too_Jung
517,제주약수터 올레시장점,,4,2020.08.01.,ㅂㄹㅈ
518,제주약수터 올레시장점,,5,2020.07.14.,맛집탐방러
519,제주약수터 올레시장점,약수터는 사랑입니다ㅎㅎ 직원분(?) 너무 친절하세요!,5,2020.07.13.,키드
520,제주약수터 올레시장점,,5,2020.07.04.,김결
521,제주약수터 올레시장점,,5,2020.07.01.,김도야지
522,제주약수터 올레시장점,"예쁜 맥주 소믈리에 언니가 시음을 시켜주었는데, 영업 당해서 한 병 사러 갔다가 두 병 샀어요. 굉장히 친절하시고 맥주를 사고 싶겠금 만듭니다. 약수터 브랜딩도 좋았고 세가지 맛 시음 할 수 있는 것도 좋았어요. 올레길이랑 곶자왈 IPA 픽했는데 추쳔쓰. 특히 올레길 따블 떰즈업. 추천해준 직원 언니 땡큐 (참, 마농치킨 산 사람들에겐 800cc이상 살때 ...",5,2020.01.18.,팔로팔로미
523,제주약수터 올레시장점,친절한 직원 ! 힙한 분위기 음악까지 ... 제발 내 집 앞으로 와줘 ㅠㅠ .... ,5,2020.01.15.,또잉
524,제주약수터 올레시장점,지나가다가 우연히 발견했는데 맥주 맛있어요.  시음해볼수있어서 좋긴한데 적극 친절하게 권하지않아서 좀 뻘쭘한 분위기라  저같은 소심쟁이는 겨우 한잔 시음해봤네요.  포장해왔는데 맛있게 잘먹었어요.  담날 뒤끝도 없고 다양한 맥주맛 즐겼어요. ,4,2019.12.24.,황소발톱
525,제주약수터 올레시장점,포장을 너무 이쁘게 해줘서 숙소가서 편하게 먹었어요 수제맥주는 많이 안먹어봤는데 깔끔하고 맛있어서 제 입맛에 딱이네요 맥주 좋아하시는분들은 꼭 들렸으면 좋겠어요,5,2019.10.23.,Sung
526,제주약수터 올레시장점,3잔 테스팅 가능! 특색있는 수제맥주  마농치킨 사와서 맥주랑 같이 드시는 분도 많으시네용 ㅎ 자리는 협소하지만 너낌있어여 ,5,2019.10.05.,오디로
