이름,업종,전화번호,주소,평점,휴일
해녀식당  ,한식-해물요리,(064) 783-4158,제주 제주시 구좌읍 동복리 1647,3.9,목요일휴무
어머니빵집  ,베이커리,(064) 752-1281,제주 제주시 연동 2325-7 연동한일씨티파크,4.0,연중무휴
황금어장  ,한식-해물요리,(064) 748-8989,제주 제주시 연동 294-114,3.9,명절
오르막가든  ,한식-삼겹살,(064) 738-7755,제주 서귀포시 대포동 743-3,4.0,"2,4주수요일휴무"
중문조림식당  ,한식-해물요리,(064) 738-2139,제주 서귀포시 중문동 2116-1,3.4,연중무휴
삐꼴라쿠치나(PICCOLA CUCINA)  ,양식-이탈리아음식,(064) 787-9844,제주 제주시 애월읍 유수암리 1306-1,4.2,매주 수요일
기똥차네  ,한식-해물요리,(064) 782-7766,제주 서귀포시 성산읍 성산리 234-12,4.1,연중무휴
올레안뜰  ,카페/주점-카페,(064) 738-7720,제주 서귀포시 법환동 229,3.9,목요일휴무
삼성혈해물탕  ,한식-해물요리,(064) 745-3000,제주 제주시 연동 312-27,4.0,연중무휴
금뽕똘향토음식점  ,한식-일반한식,(064) 721-1111,제주 제주시 봉개동 1907-7,4.3,연중무휴
고등어쌈밥  ,한식-해물요리,(064) 783-4944,제주 서귀포시 성산읍 고성리 232,4.1,연중무휴
제주오라성  ,한식(말고기전문점),(064) 748-3005,제주 제주시 오라2동 194-2,4.0,"명절 전, 명절 당일"
해오름식당  ,한식(갈비전문점),(064) 744-0367,제주 제주시 도두일동 1181-5,3.8,"1,3주화요일휴무"
삿뽀로우동집  ,일식-우동,(064) 732-5931,제주 서귀포시 서귀동 428,4.3,일요일휴무
할매추어탕  ,한식,(064) 753-9080,제주 제주시 이도이동 1029-1,4.1,연중무휴
카페물고기  ,카페/주점-카페,(070) 8147-0804,제주 서귀포시 안덕면 창천리 804,3.9,매주 월요일 휴무
신해바라기  ,한식-일반한식,(064) 757-3277,제주 제주시 이도일동 1342-4,4.1,연중무휴
정우말가든  ,한식-몸보신(말고기전문),(064) 747-6525,제주 제주시 연동 505-5,3.7,연중무휴
엄블랑짬뽕  ,중식-일반,(064) 773-8883,제주 제주시 한경면 고산리 1727,3.5,월요일휴무
춘심이네 본점  ,한식-해물요리,(064) 794-4010,제주 서귀포시 안덕면 창천리 160-4,4.0,연중무휴
먹쿠슬낭여행자카페  ,카페/주점-카페,(064) 747-0360,제주 제주시 오라삼동 2319-8,3.8,-
올랭이와물꾸럭  ,한식,(064) 794-5022,제주 서귀포시 대정읍 하모리 920-5,3.2,연중무휴
짱구분식  ,분식,(064) 762-6389,제주 서귀포시 서귀동 254-2,3.8,연중무휴
예그리나  ,카페/주점-카페,(010) 9958-5735,제주 제주시 용담이동 450,4.0,연중무휴
클럽하우스(켄싱턴제주호텔)  ,카페/주점-바,(064) 735-8908,제주 서귀포시 색달동 2785,4.2,연중무휴
탑동산호전복  ,한식,(064) 758-0123,제주 제주시 삼도이동 1206,4.0,연중무휴
바다의집  ,한식-해물요리,(064) 784-8882,제주 서귀포시 성산읍 오조리 366-1,3.7,연중무휴
카페델문도(Cafe Delmoondo)  ,카페/주점-카페,(064) 702-0007,제주 제주시 조천읍 함덕리 1008-1,3.9,연중무휴
미친부엌  ,일식-해물요리,(064) 721-6382,제주 제주시 일도일동 1277-16 1층,4.2,매주 월요일
항구횟집  ,한식-해물요리,(064) 762-3565,제주 서귀포시 서귀동 658-2,3.9,격주 수요일 휴무
해촌  ,한식-해물요리,(064) 784-8001,제주 서귀포시 성산읍 성산리 399-10,4.0,연중무휴
풍림다방  ,카페/주점-커피전문,(010) 5775-7401,제주 제주시 구좌읍 평대리 1947-5,4.0,매주 화요일
어향  ,일식-생선회,(064) 744-8866,제주 제주시 도두이동 706-9,3.7,연중무휴
마카롱카페(MACARON CAFE)  ,카페/주점-카페,(064) 702-9982,제주 제주시 이도이동 1979-25 1층,3.9,매주 일요일 휴무
떡하니  ,분식,(010) 4200-1566,제주 제주시 구좌읍 행원리 734,3.6,매주 화요일
해난디(제주대명리조트)  ,호텔뷔페,(064) 780-5069,제주 제주시 조천읍 함덕리 274,4.0,연중무휴
키다리아저씨  ,한식-일반한식,(064) 784-3392,제주 제주시 우도면 연평리 1658-1,4.2,연중무휴
커피로드아이야  ,카페/주점-카페,(064) 784-3060,제주 서귀포시 성산읍 성산리 304-1,4.0,연중무휴
교래손칼국수  ,한식-국수전문,(064) 782-9870,제주 제주시 조천읍 교래리 491,3.3,"첫째, 셋째주 수요일"
대풍미락  ,일식-생선회(활어회전문),(064) 784-8100,제주 제주시 조천읍 함덕리 1028,3.6,명절
어마장장  ,한식-해물요리,(010) 8660-6848,제주 제주시 일도이동 1046-11,4.3,매주 일요일
저스트쉬림프  ,양식-해물요리,(070) 7622-3291,제주 제주시 애월읍 하귀1리 391-6,4.0,매주 화요일
더라운지(롯데호텔제주)  ,카페/주점-바,(064) 731-4250,제주 서귀포시 색달동 2812-4,4.3,연중무휴
젠하이드어웨이 제주  ,카페/주점-카페,(064) 794-0133,제주 서귀포시 안덕면 사계리 2032-10,4.1,비정기적 휴무
흑돼지가있는풍경  ,한식,(064) 742-1108,제주 제주시 노형동 668,3.9,연중무휴
해와달그리고섬  ,한식-해물요리,(064) 784-0941,제주 제주시 우도면 연평리 78-5,4.0,연중무휴
오오야마  ,카페/주점-주점,(064) 721-5567,제주 제주시 이도이동 1181-10,4.0,매주 일요일
스위트몬스터 제주애월점  ,카페/주점-카페,(070) 4548-0777,제주 제주시 애월읍 고내리 598-1,4.2,매주 화요일
아름다운소풍  ,양식-기타,(010) 7258-2004,제주 제주시 우도면 연평리 763,4.1,연중무휴
띠띠빵빵  ,베이커리,(064) 782-5959,제주 제주시 우도면 연평리 132,3.7,연중무휴
머하멘  ,패스트푸드-기타,(064) 783-0541,제주 제주시 우도면 연평리 66,3.9,비정기적
사려니숲길화덕피자  ,양식,(064) 783-7713,제주 제주시 조천읍 와흘리 산14-17,4.1,화요일휴무
황가네뚝배기  ,한식-해물요리,(064) 713-8887,제주 제주시 연동 291-121,3.9,연중무휴
유달산식당  ,한식-해물요리,(064) 758-2962,제주 제주시 건입동 1395,3.8,연중무휴
순정문어  ,한식-해물요리,(064) 746-6656,제주 제주시 용담삼동 1092-2,3.8,연중무휴
성읍타운  ,한식,(064) 787-8005,제주 서귀포시 표선면 성읍리 1523-5,3.6,없음
회양과국수군  ,한식,(064) 782-0150,제주 제주시 우도면 서광리 2473-9,3.9,없음
바당지기식당  ,한식-해물요리,(064) 784-6258,제주 제주시 구좌읍 월정리 30,3.9,"매월2,4주화요일"
딕시(Dixie)  ,카페/주점-카페,(064) 762-7007,제주 서귀포시 동홍동 116-7,3.8,연중무휴
돈구어  ,한식-삼겹살,(064) 782-9392,제주 제주시 구좌읍 세화리 3648-1,3.7,셋째주 수요일
마농(Manon)  ,기타/세계-퓨전푸드,(064) 745-1166,제주 제주시 도평동 48-10 바인빌딩 2층,4.0,연중무휴
김대감숯불갈비  ,한식-갈비,(064) 763-2777,제주 서귀포시 동홍동 114-1,4.1,첫째주 월요일
돈돈이네  ,한식-삼겹살,(064) 747-3161,제주 제주시 용담이동 865-4,4.3,연중무휴
돌하르방밀면  ,한식-국수전문,(064) 739-0023,제주 서귀포시 중문동 2439-8,4.0,연중무휴
제주몽  ,카페/주점-카페,(064) 738-8869,제주 서귀포시 중문동 2026,3.9,연중무휴
사계바다  ,일식-생선회,(064) 794-5501,제주 서귀포시 안덕면 사계리 2147-13,2.5,연중무휴
위키맨더라운지(W.M the lounge)  ,카페/주점-바,(064) 726-3526,제주 제주시 건입동 1319-48,4.0,연중무휴
운정이네 중문점  ,한식-일반한식,(064) 738-3883,제주 서귀포시 중문동 1239-5,3.6,연중무휴
말이랑흑도새기랑 제주점  ,한식(말고기전문점),(064) 744-7031,제주 제주시 노형동 291-24,3.9,명절
천금반점  ,중식,(064) 724-4040,제주 제주시 삼도이동 20-5,4.0,월요일휴무
천둥소리  ,한식-삼겹살,(064) 723-9200,제주 제주시 도남동 99-1,3.8,명절
돔베돈  ,한식(흑돼지전문점),(064) 753-0008,제주 제주시 건입동 1399-3,3.4,없음
메로식당  ,한식-일반한식,(064) 762-7899,제주 서귀포시 서귀동 257-3,4.6,"1,3째주 수요일"
담화헌  ,카페/주점-카페,(010) 9087-2953,제주 제주시 해안동 4,4.1,매주 목
고스트하우스  ,양식,(064) 799-6001,제주 제주시 애월읍 신엄리 2880-3,4.1,화요일
오일장떡볶이  ,분식,(064) 752-0876,제주 제주시 이도일동 1436-7,3.8,연중무휴
홍도니  ,한식,(064) 752-1294,제주 제주시 오라이동 3158,3.8,-
제주흑돼지와전복  ,한식-삼겹살,(064) 739-7171,제주 서귀포시 대포동 2211,3.8,연중무휴
산1950  ,양식-기타,(064) 747-9288,제주 제주시 애월읍 하귀2리 1674,3.8,연중무휴
노라바  ,한식-해물요리,(064) 772-1900,제주 제주시 애월읍 구엄리 1287-1,3.6,"1,4주목요일휴무"
버터모닝  ,카페/주점-카페,(064) 712-0461,제주 제주시 애월읍 광령리 3798-3,3.8,월요일휴무
남양수산  ,일식-생선회,(064) 782-6618,제주 서귀포시 성산읍 고성리 1191-1,4.2,"첫 째, 셋 째 일요일"
성미가든  ,한식,(064) 783-7092,제주 제주시 조천읍 교래리 532,4.0,"둘째, 넷째 목요일"
가파도해물짬뽕  ,중식-일반,(064) 794-6463,제주 서귀포시 대정읍 가파리 561-1,4.4,연중무휴
제일떡집  ,한식-기타,(064) 732-3928,제주 서귀포시 서귀동 276-15,4.1,연중무휴
커피가게쉬고가게  ,카페/주점-카페,(064) 787-6098,제주 서귀포시 표선면 표선리 40-71,3.9,연중무휴
뽈살집  ,한식-생고기/등심,(064) 763-6860,제주 서귀포시 서귀동 278-5,4.0,연중무휴
어멍(제주대명리조트)  ,한식-삼겹살,(064) 780-5131,제주 제주시 조천읍 함덕리 274,4.0,연중무휴
포도호텔레스토랑  ,양식-패밀리레스토랑,(064) 793-7030,제주 서귀포시 안덕면 상천리 산62-3 포도호텔,4.0,연중무휴
상록식당  ,한식-삼겹살,(064) 762-4974,제주 서귀포시 토평동 1310-20,4.0,매주 화요일
흑한우명품관  ,한식-생고기/등심,(064) 732-1486,제주 서귀포시 토평동 262-1,4.2,명절
칠돈가 중문점  ,한식-삼겹살,(064) 738-1191,제주 서귀포시 색달동 2312-1,3.8,연중무휴
숙이네보리빵  ,베이커리,(064) 799-1777,제주 제주시 애월읍 애월리 1584-1,3.7,"첫째, 셋째주 일요일"
용왕난드르식당  ,한식-일반한식,(064) 738-0715,제주 서귀포시 안덕면 창천리 876-11,3.9,연중무휴
씨에스가든(씨에스호텔)  ,한식-삼겹살,(064) 753-3000,제주 서귀포시 중문동 2563-1,4.0,연중무휴
브와두스(voix douce)  ,베이커리,(064) 744-4466,제주 제주시 연동 1498-2,3.9,연중무휴
삼다도횟집 본점  ,한식-기타,(064) 711-7085,제주 제주시 용담삼동 1100,3.9,첫째주 일요일
우리동네가시리  ,카페/주점-카페,(064) 787-0319,제주 서귀포시 표선면 가시리 1898-1,4.1,수요일휴무
다솔돌솥밥  ,한식-일반한식(돌솥밥전문),(064) 787-7710,제주 서귀포시 표선면 표선리 40-43,3.0,부정기적
옹포횟집  ,일식-생선회,(064) 796-1323,제주 제주시 한림읍 옹포리 578-1,3.9,연중무휴
백번가든  ,한식-갈비,(064) 799-6900,제주 제주시 애월읍 애월리 1584-4,3.8,연중무휴
보엠(BOHEME)  ,베이커리,(064) 711-9990,제주 제주시 노형동 731-2,4.0,매주 일요일
르에스까르고(Le escargot)  ,베이커리,(064) 748-0095,제주 제주시 노형동 1291-24,4.2,매주 일요일
스푼더마켓 제주점  ,한식-샤브샤브,(064) 747-4600,제주 제주시 연동 1371-4 한성빌딩 2층,4.4,연중무휴
진정  ,한식-해물요리,(064) 755-0592,제주 제주시 도남동 52-5,4.2,연중무휴
설농옥  ,한식,(064) 702-9903,제주 제주시 이도일동 1484-2,3.5,연중무휴
대원가  ,한식,(064) 753-3030,제주 제주시 도남동 62-1 재영샤르빌상가 101호,4.1,수요일휴무
표선어촌식당  ,일식-생선회,(064) 787-0175,제주 서귀포시 표선면 표선리 40-54,3.8,연중무휴
귤하르방  ,베이커리,(064) 752-6651,제주 제주시 이도일동 1436-7,4.1,연중무휴
구좌상회  ,카페/주점-카페,(010) 6600-6648,제주 제주시 구좌읍 월정리 417,3.9,화/수요일휴무
제주바닷가의나루터  ,한식-해물요리,(064) 722-5005,제주 제주시 용담삼동 1003-1,3.8,연중무휴
장승포식당  ,한식-해물요리,(064) 784-5354,제주 서귀포시 성산읍 고성리 298-11,3.4,연중무휴
다미진횟집  ,일식-생선회,(064) 787-5050,제주 서귀포시 표선면 표선리 40-51,4.1,연중무휴
가시아방국수  ,한식-국수전문,(064) 783-0987,제주 서귀포시 성산읍 고성리 528,3.9,"1,3주수요일휴무"
앞뱅디식당  ,한식-해물요리,(064) 744-7942,제주 제주시 연동 324-1,3.9,-
한우명가  ,한식-생고기/등심,(064) 735-9125,제주 서귀포시 색달동 2812-10 스위트호텔,3.9,연중무휴
마린보이  ,일식-생선회,(064) 742-2843,제주 제주시 용담삼동 2297-1,4.0,연중무휴
선흘곶  ,한식-한정식,(064) 783-5753,제주 제주시 조천읍 선흘리 산22,4.4,연중무휴
덤장  ,한식-해물요리,(064) 713-0550,제주 제주시 용담이동 731,3.4,연중무휴
부두식당  ,한식-해물요리,(064) 794-1223,제주 서귀포시 대정읍 하모리 770-46,4.1,매주 수요일 휴무
죽림횟집  ,한식-해물요리,(064) 733-7688,제주 서귀포시 서귀동 579-3,4.1,연중무휴
고래라면  ,분식,(064) 782-6685,제주 서귀포시 성산읍 삼달리 270-4,3.7,기타(비정기적)
희신이네  ,한식-닭/오리요리,(064) 762-0335,제주 서귀포시 서홍동 1651-1,3.8,"2,4주일요일휴무"
뽕바당짬뽕  ,중식-일반,(064) 724-8082,제주 제주시 용담삼동 2377,4.0,"둘째, 넷째주 금요일 휴무"
삼대국수회관 신제주점  ,한식,(064) 747-9493,제주 제주시 연동 295,3.7,연중무휴
어촌계식당  ,한식-해물요리,(064) 773-0010,제주 서귀포시 대정읍 신도리 3076-1,3.8,연중무휴
부래옥  ,카페/주점-카페,(064) 747-6446,제주 제주시 용담삼동 2377-2 3층,4.0,연중무휴
영해식당  ,한식-일반한식,(064) 794-2262,제주 서귀포시 대정읍 하모리 923-4,4.4,비정기적
연동길  ,한식-해물요리,(064) 748-9363,제주 제주시 연동 292-94,4.2,연중무휴
해성도뚜리  ,한식,(064) 713-6321,제주 제주시 애월읍 구엄리 1258,3.4,"매월2,4주 화요일"
하귀비바리 짬뽕  ,중식-일반,(064) 743-7090,제주 제주시 애월읍 하귀1리 138-1,3.0,목요일휴무
해송횟집  ,한식-해물요리,(064) 738-4060,제주 서귀포시 대포동 2356-1,4.4,연중무휴
늘봄흑돼지  ,한식-삼겹살,(064) 744-9001,제주 제주시 노형동 2343-3,4.1,연중무휴
청해야횟집  ,일식-생선회,(064) 722-4585,제주 제주시 용담삼동 517,4.0,연중무휴
사랑분식  ,분식,(064) 757-5058,제주 제주시 일도일동 1144-2,2.7,"명절, 비정기적 휴무"
아루요  ,일식,(064) 799-4255,제주 제주시 애월읍 유수암리 1040-5,4.0,공휴일
물꼬해녀의집·물꼬카페  ,한식-해물요리,(064) 784-7331,제주 제주시 우도면 연평리 891,4.0,연중무휴
마도로스횟집  ,일식-생선회,(064) 711-7747,제주 제주시 용담이동 436,4.0,연중무휴
1950하우스  ,양식,(070) 4247-1950,제주 제주시 애월읍 유수암리 1023,3.5,연중무휴
평대성게국수  ,한식-일반한식,(064) 783-2466,제주 제주시 구좌읍 평대리 1945-2,4.2,수요일휴무
진미명가  ,일식-생선회,(064) 794-3639,제주 서귀포시 안덕면 사계리 2072,4.1,"명절, 공휴일"
솔동산고기국수  ,한식-국수전문,(064) 733-5353,제주 서귀포시 서귀동 724-5,4.1,화요일휴무
일광회센타  ,일식-생선회,(064) 738-2411,제주 서귀포시 중문동 2175,4.1,연중무휴
메밀꽃차롱  ,한식-일반한식,(064) 711-6841,제주 제주시 연동 368-1,4.1,매주 월요일 휴무
싱싱회센타  ,한식-해물요리,(064) 702-8838,제주 제주시 일도일동 1103-3,4.0,명절
놀맨(NOLMAN)  ,분식,(064) 799-3332,제주 제주시 애월읍 애월리 2530,4.0,연중무휴
우도왕자이야기 3호점  ,카페/주점-카페,(064) 782-1823,제주 제주시 우도면 연평리 2516-2,4.0,연중무휴
카페카노푸스(씨에스호텔)  ,카페/주점-카페,(064) 735-3036,제주 서귀포시 중문동 2563-1,3.8,연중무휴
카페코지  ,카페/주점-카페,(064) 784-1005,제주 서귀포시 성산읍 성산리 363-5,4.4,연중무휴
공천포식당  ,한식-해물요리,(064) 767-2425,제주 서귀포시 남원읍 신례리 27-5 공천포식당,3.8,연중무휴
생이소리  ,한식-일반한식,(064) 753-4567,제주 제주시 봉개동 234-236,4.1,매주 수요일
바다를본돼지  ,한식,(064) 772-5509,제주 제주시 한경면 판포리 2881-4,3.8,비정기적
하영횟집  ,일식-생선회,(064) 739-8161,제주 서귀포시 서호동 130-6,3.8,"1,3주일요일휴무"
포도원 참숯불갈비  ,한식-생고기/등심,(064) 745-0880,제주 제주시 노형동 124-1,4.0,연중무휴
맥파이(MAGPIE) 제주점  ,카페/주점-호프,(064) 720-8227,제주 제주시 삼도이동 1261-7,4.0,매주 월요일
올리오  ,양식-이탈리아음식,(064) 782-2579,제주 제주시 조천읍 함덕리 1004-17,3.6,"첫쨰, 마지막주 화요일"
준반점  ,중식-일반,(064) 782-3936,제주 제주시 조천읍 함덕리 1004-29,3.5,연중무휴
흑돼지한마당  ,한식-삼겹살,(064) 787-1988,제주 서귀포시 표선면 표선리 40-42,4.1,연중무휴
서귀포흑돈  ,한식-생고기/등심,(064) 767-9718,제주 서귀포시 토평동 551-2,4.1,연중무휴
바당꺼몬딱  ,분식,(010) 3045-1342,제주 제주시 우도면 연평리 2649-1,4.0,연중무휴
사해방  ,중식-일반,(064) 738-7779,제주 서귀포시 대포동 747,4.0,"둘째, 넷째 수요일"
사해방흑돼지  ,한식-삼겹살,(064) 738-4577,제주 서귀포시 중문동 1891-7,4.1,연중무휴
204키친  ,양식-경양식,(070) 7543-2438,제주 제주시 이도이동 1186-16,4.0,연중무휴
총각네 연동점  ,한식-삼겹살,(064) 745-5353,제주 제주시 연동 313-17,4.0,"첫째주, 셋째주 월요일 휴무"
제주어장  ,일식-생선회,(064) 752-3332,제주 제주시 용담일동 425,4.0,연중무휴
팔랑개비  ,한식,(064) 782-4424,제주 서귀포시 성산읍 성산리 166-3,3.0,연중무휴
바다여행횟집  ,일식-생선회,(064) 787-5492,제주 서귀포시 표선면 표선리 40-44,4.0,연중무휴
곽지bar다  ,카페/주점,(010) 2975-1844,제주 제주시 애월읍 곽지리 1581-22,3.8,연중무휴
모디카(MODICA)  ,양식-이탈리아음식,(070) 4128-0519,제주 제주시 한림읍 한림리 905-19,4.0,월/화요일휴무
소랑(제주샤인빌리조트)  ,한식-일반한식,(064) 780-7413,제주 서귀포시 표선면 토산리 17,4.1,연중무휴
성산회관  ,한식-해물요리,(064) 783-8448,제주 서귀포시 성산읍 성산리 167-3,4.1,매주 화요일
더뷰(켄싱턴제주호텔)  ,카페/주점-바,(064) 735-8905,제주 서귀포시 색달동 2785,4.0,연중무휴
이모24시해장국  ,한식-일반한식,(064) 784-5958,제주 제주시 구좌읍 세화리 1515-9,4.1,연중무휴
순희뽀글이  ,한식,(064) 755-7441,제주 제주시 오라일동 2446-9,4.0,일요일휴무
천제연토속음식점  ,한식-일반한식,(064) 738-3120,제주 서귀포시 색달동 2539,4.3,연중무휴
안거리밖거리  ,한식-일반한식,(064) 763-2552,제주 서귀포시 서귀동 584-3,4.2,명절
저팔계깡통연탄구이  ,한식-삼겹살,(064) 783-1950,제주 제주시 조천읍 함덕리 1271,3.9,매주 수요일
명진전복  ,한식-해물요리,(064) 782-9944,제주 제주시 구좌읍 평대리 515-28,3.6,매주 화
이천식당  ,한식-일반한식,(064) 783-1006,제주 제주시 구좌읍 세화리 3644-7,4.4,비정기적
요네상회  ,카페/주점-카페,(010) 7737-0299,제주 서귀포시 남원읍 신례리 30-6,4.3,"매주 화요일, 수요일 휴무"
대우정  ,한식,(064) 757-9662,제주 제주시 삼도일동 569-27,3.9,"1,3주 일요일"
요요무문  ,카페/주점-카페,(064) 784-4217,제주 제주시 구좌읍 한동리 8-11 2층,3.7,매주 월요일
규태네양곱창  ,한식-곱창/양구이,(064) 747-6862,제주 제주시 노형동 917-10,3.8,"2,4주일요일휴무"
아루요2  ,일식,(064) 745-4858,제주 제주시 연동 255-6,3.8,-
야끼니꾸엔  ,카페/주점-주점,(010) 2701-3445,제주 서귀포시 중문동 2083-2,4.0,"첫째, 셋째주 일요일"
동도원  ,한식-일반한식,(064) 747-9996,제주 제주시 연동 260-14,4.0,연중무휴
델리지아(DELIZIA) 제주컨벤션센터  ,기타/세계-퓨전푸드,(064) 738-6400,제주 서귀포시 중문동 2700,3.9,연중무휴
돈파스  ,양식-경양식,(064) 726-1414,제주 제주시 이도이동 1768-21,4.1,연중무휴
하노이안브라더스  ,기타/세계-동남아음식,(064) 752-7494,제주 제주시 건입동 124-2,4.3,첫째주 셋째주 수요일 휴무
941헤르츠(941Hz)  ,카페/주점-카페,(010) 5001-1809,제주 제주시 노형동 941 2층,3.8,매주 월요일 휴무
호박다방  ,카페/주점-카페,(064) 799-0778,제주 제주시 애월읍 곽지리 1381,3.6,연중무휴
만강홍  ,중식,(064) 796-1771,제주 제주시 한림읍 한림리 1390-5,3.6,연중무휴
해미원횟집  ,일식-생선회,(064) 787-3311,제주 서귀포시 표선면 표선리 40-55,4.3,연중무휴
꽃밥  ,한식,(064) 799-4939,제주 제주시 애월읍 곽지리 1540-2,4.2,화요일
오라숲소리  ,한식,(064) 744-2545,제주 제주시 오라이동 1188-4,3.5,연중무휴
하영  ,한식-일반한식,(064) 738-6011,제주 서귀포시 색달동 2477-5,3.9,연중무휴
피노키오  ,카페/주점-카페,(010) 9627-3007,제주 제주시 우도면 연평리 862,4.1,연중무휴
보건식당  ,한식-해물요리,(064) 753-9521,제주 제주시 이도이동 1148-4,4.0,"첫째, 셋째 수요일"
일출왕뚝배기  ,한식-해물요리,(064) 784-1190,제주 서귀포시 성산읍 성산리 399-109,4.0,연중무휴
다시버시  ,한식-해물요리,(064) 783-5575,제주 제주시 구좌읍 세화리 1500-3,4.1,연중무휴
현옥식당  ,한식-일반한식,(064) 757-3439,제주 제주시 오라일동 2445,3.0,명절
씨푸드샹그릴라  ,뷔페,(064) 738-2111,제주 서귀포시 색달동 2950-5,3.8,연중무휴
모모야마(롯데호텔제주)  ,일식-정식,(064) 731-4230,제주 서귀포시 색달동 2812-4,4.0,연중무휴
천짓골  ,한식-삼겹살,(064) 763-0399,제주 서귀포시 서귀동 294-10,3.7,연중무휴
탑부평삼겹살  ,한식-삼겹살,(064) 721-7869,제주 제주시 건입동 1381-1,3.9,명절
가리본가  ,한식,(064) 749-7447,제주 제주시 연동 2326-7,4.0,첫째 주 일요일
유일반점  ,중식-일반,(064) 722-4100,제주 제주시 이도이동 1176-25,3.5,연중무휴
오키나와  ,일식-생선회,(064) 743-0072,제주 제주시 노형동 747-1,3.6,매주 일요일
쌍둥이돼지꿈  ,한식-생고기/등심,(064) 738-9981,제주 서귀포시 중문동 2167-20,3.7,연중무휴
유동커피  ,카페/주점-카페,(064) 733-6662,제주 서귀포시 서귀동 581-4,3.7,"1,3째주 화요일"
대포횟집  ,일식-생선회,(064) 738-1380,제주 서귀포시 대포동 2184,3.9,연중무휴
카페쇼코아르  ,카페/주점-카페,(064) 756-2253,제주 제주시 이도이동 1176-76,4.4,연중무휴
해월향  ,한식-생고기/등심,(064) 784-4080,제주 서귀포시 성산읍 고성리 1115-2,2.9,"둘째주, 넷째주 수요일 휴무"
골막식당  ,한식-국수전문,(064) 753-6949,제주 제주시 이도이동 362-1,4.2,일요일휴무
천제연(씨에스호텔)  ,한식-일반한식,(064) 735-3030,제주 서귀포시 중문동 2563-1,3.9,연중무휴
거제도횟집  ,일식-생선회,(064) 758-3737,제주 제주시 건입동 1435-2,4.3,연중무휴
광치기해산물촌  ,한식-해물요리,(064) 782-1750,제주 서귀포시 성산읍 고성리 352-22,4.0,연중무휴
범섬족발  ,한식-족발/보쌈,(064) 738-0199,제주 서귀포시 강정동 595,4.2,연중무휴
키친오브꾸르다기  ,기타/세계-퓨전푸드,(064) 751-5548,제주 제주시 이도이동 2039-2,4.0,매주 일요일 휴무
촵촵  ,일식,(010) 3692-6468,제주 제주시 이도이동 1962-8 1층,3.5,매주 일요일
한일식당  ,한식-일반한식,(064) 758-4614,제주 제주시 일도일동 1145-34,4.2,연중무휴
해진횟집  ,일식-생선회,(064) 722-4584,제주 제주시 건입동 1435-2,4.0,연중무휴
백가네꽃게찜전문점  ,한식-해물요리,(064) 702-8777,제주 제주시 이도이동 1175-4,4.0,"첫째, 셋째 일요일"
동복리해녀촌  ,한식-해물요리,(064) 783-5438,제주 제주시 구좌읍 동복리 1502-1,4.0,"매월2,4주화요일"
돈가네우가네  ,한식-삼겹살,(064) 733-7233,제주 서귀포시 동홍동 499-6,4.0,연중무휴
감귤창고  ,카페/주점-카페,(064) 792-9004,제주 서귀포시 안덕면 서광리 66-6,4.1,매주 수요일 휴무
금복식당  ,한식-일반한식,(064) 757-6055,제주 제주시 일도일동 1148-2,4.0,연중무휴
돈앤돌  ,한식-철판요리,(064) 743-1214,제주 제주시 노형동 920-16,3.9,연중무휴
소라횟집  ,일식-생선회,(064) 757-9953,제주 제주시 건입동 1319-87,4.0,연중무휴
바다목장  ,한식-일반한식,(064) 782-0006,제주 제주시 조천읍 함덕리 1004-30,4.1,연중무휴
종종캐주얼다이닝&카페  ,카페/주점-카페,(064) 747-8102,제주 제주시 연동 1496-4,4.3,매주 일요일 휴무
화로향  ,한식,(064) 724-4050,제주 제주시 건입동 1399-2,4.7,연중무휴
해적식당  ,한식-해물요리,(064) 782-5508,제주 제주시 우도면 연평리 1200-1,3.9,비정기적
연화키친  ,분식,(064) 900-9733,제주 제주시 애월읍 상가리 1697,4.1,수요일
해광식당  ,한식-국수전문,(064) 782-0234,제주 제주시 우도면 연평리 1287,3.8,연중무휴
뜰채  ,한식-해물요리,(064) 784-9044,제주 제주시 조천읍 함덕리 산14-58,4.1,연중무휴
장춘육당  ,한식-일반한식,(064) 742-8556,제주 제주시 연동 281-6,3.9,연중무휴
용두암해촌  ,한식,(064) 742-1516,제주 제주시 용담삼동 1026-3,2.6,연중무휴
호호불닭발 시청본점  ,한식-닭/오리요리,(064) 752-5266,제주 제주시 이도이동 1766-10,4.0,매주 수요일 휴무
곰막  ,한식-해물요리,(064) 727-5111,제주 제주시 구좌읍 동복리 667-1,3.9,"매월1,3주화요일휴무"
페닌슐라(롯데호텔제주)  ,양식-패밀리레스토랑,(064) 731-4240,제주 서귀포시 색달동 2812-4,3.8,연중무휴
봉봉커피  ,카페/주점-카페,(064) 782-3367,제주 제주시 우도면 연평리 763,3.8,연중무휴
해어랑  ,한식-해물요리,(064) 784-8828,제주 제주시 조천읍 함덕리 1004-10,3.3,연중무휴
한라축산물도매센터  ,한식-삼겹살,(064) 796-1010,제주 제주시 한림읍 동명리 1616,3.9,연중무휴
시즌박스  ,한식,(070) 7745-3577,제주 서귀포시 남원읍 위미리 1884-4,4.0,"수요일 (매월2주,4주 수&목 휴무)"
연미정전복돌솥밥  ,한식-해물요리,(064) 784-8856,제주 제주시 구좌읍 세화리 3648-4,2.8,"매월1,3주수요일휴무"
성산진미식당  ,한식-해물요리,(064) 783-2283,제주 서귀포시 성산읍 성산리 204,4.1,연중무휴
백양닭집  ,패스트푸드-치킨,(064) 758-9822,제주 제주시 용담일동 157-6,3.4,연중무휴
미나리식당  ,한식,(064) 744-3625,제주 제주시 연동 291-24,4.0,주말휴무
해맞이쉼터  ,한식-해물요리,(064) 782-7875,제주 제주시 구좌읍 평대리 2033-19,4.0,매주 수요일
찜(ZZIM)  ,한식-갈비,(064) 738-3793,제주 서귀포시 법환동 736-3,4.0,매주 수요일
중문비치카오카오뷔페  ,양식-기타,1544-2998,제주 서귀포시 색달동 2950-5,3.2,연중무휴
스시호시카이  ,일식-생선회,(064) 713-8838,제주 제주시 오라이동 959-1,3.8,연중무휴
연우네  ,한식-한정식,(064) 712-5646,제주 제주시 노형동 139-2,4.3,명절
제주소드래  ,한식-한정식,(064) 726-0083,제주 제주시 이도이동 314-4,2.2,"명절, 격주 월요일"
동성식당  ,한식-생고기/등심,(064) 733-6874,제주 서귀포시 토평동 1290,3.5,비정기적
봉금펍(BONGGUEM PUB)  ,카페/주점-주점,(070) 4212-5766,제주 서귀포시 서호동 1470-4,3.8,연중무휴
앞바당  ,한식-해물요리,(064) 732-9310,제주 서귀포시 보목동 590-5,4.1,매주 월요일
수현곱배기국수  ,한식-국수전문,(064) 749-2515,제주 제주시 연동 314-3,4.3,연중무휴
소자38  ,카페/주점-카페,(070) 8882-9433,제주 서귀포시 안덕면 사계리 2071-1,4.3,매주 화요일
더라운지(켄싱턴제주호텔)  ,카페/주점-카페,(064) 735-8906,제주 서귀포시 색달동 2785,3.8,연중무휴
마마롱(ma marron)  ,베이커리,(064) 747-1074,제주 제주시 애월읍 광령리 1011-7,3.9,월요일휴무
닐모리동동  ,양식-패밀리레스토랑,(064) 745-5008,제주 제주시 용담삼동 2396,3.9,명절
테라스카페  ,양식-패밀리레스토랑,(064) 735-1234,제주 서귀포시 색달동 3039-1,4.0,연중무휴
다가미  ,분식,(064) 758-5810,제주 제주시 도남동 68-2,4.0,일요일휴무
제라진흑돼지  ,한식-삼겹살,(064) 738-5420,제주 서귀포시 중문동 1918-4,4.0,"첫째, 셋째 일요일"
행복한족발  ,한식-족발/보쌈,(064) 753-0978,제주 제주시 이도이동 1187-12,4.0,연중무휴
흑소랑  ,한식,(064) 726-9966,제주 제주시 아라이동 3007-2,3.8,연중무휴
몬스터살롱  ,카페/주점-카페,(064) 799-5310,제주 제주시 애월읍 곽지리 1669-1,4.0,매주 월요일
소라네집  ,한식-해물요리,(064) 782-2771,제주 서귀포시 성산읍 온평리 661-1,4.1,연중무휴
솔지식당 시청점  ,한식-일반한식,(064) 725-2929,제주 제주시 이도이동 1182-24,4.1,일요일휴무
디오션(제주오션팰리스호텔)  ,호텔뷔페,(064) 730-5850,제주 서귀포시 서귀동 494,4.1,연중무휴
모살물  ,일식-생선회(활어회전문),(064) 713-0309,제주 제주시 연동 291-10,3.6,연중무휴
하하호호(HAHAHOHO)  ,카페/주점-카페,(010) 2899-1365,제주 제주시 우도면 연평리 859,4.2,연중무휴
삼보식당  ,한식-일반한식,(064) 762-3620,제주 서귀포시 서귀동 319-8,3.1,연중무휴
테온(제주디아일랜드마리나)  ,호텔뷔페,(064) 766-5052,제주 서귀포시 서귀동 544-2,3.8,연중무휴
달자카페  ,카페/주점-카페,(064) 744-8877,제주 제주시 애월읍 구엄리 545,4.1,연중무휴
제대가는길  ,카페/주점-카페,(064) 721-0110,제주 제주시 아라일동 358-6,4.0,명절
혁이네수산  ,한식-해물요리,(064) 733-5067,제주 서귀포시 동홍동 147,3.6,연중무휴
행복한시저네  ,한식-일반한식,(070) 8877-0755,제주 서귀포시 호근동 1831-6,4.1,주말/공휴일휴무
와랑와랑  ,카페/주점-카페,(070) 4656-1761,제주 서귀포시 남원읍 위미리 875-1,3.8,매주 월요일
미풍해장국  ,한식-일반한식,(064) 726-1245,제주 제주시 이도이동 76-10,4.0,셋째주 월요일
더테라스(켄싱턴제주호텔)  ,카페/주점-카페,(064) 735-8904,제주 서귀포시 색달동 2785,3.8,연중무휴
하르방밀면 본점  ,한식-국수전문,(064) 794-5000,제주 서귀포시 대정읍 상모리 3858-6,3.6,명절
비원  ,한식-닭/오리요리,(064) 712-8899,제주 제주시 노형동 100,3.2,명절
불돈  ,한식-삼겹살,(064) 732-8522,제주 서귀포시 서귀동 271-8,4.1,"첫째, 셋째 화요일"
몽키비치(MONKEY BEACH)  ,카페/주점-주점,(011) 748-7930,제주 서귀포시 색달동 2822-2,4.2,연중무휴
대금식당  ,한식,(064) 796-7751,제주 제주시 한림읍 옹포리 586-2,4.3,매주 수
까미노(Camino)  ,카페/주점-카페,(064) 799-9789,제주 제주시 애월읍 하가리 1400,4.0,명절
보영반점  ,중식-일반,(064) 796-2042,제주 제주시 한림읍 한림리 1305-16,4.0,연중무휴
한림칼국수  ,한식,(070) 8900-3339,제주 제주시 한림읍 한림리 1328-15,4.0,일요일
복도새기  ,한식,(064) 711-2330,제주 제주시 애월읍 신엄리 1231-1,3.6,연중무휴
태백산 본점  ,한식-생고기/등심,(064) 747-6691,제주 제주시 아라이동 3011-20,3.8,명절
해모둠  ,일식-생선회,(064) 758-6400,제주 제주시 이도이동 408-15,4.3,-
돈사촌 외도점  ,한식-삼겹살,(064) 743-0034,제주 제주시 외도일동 125-8,3.8,연중무휴
포도원흑돼지  ,한식-삼겹살,(064) 745-0880,제주 제주시 노형동 124-1,3.9,연중무휴
바당올레 대정읍점  ,한식-해물요리,(064) 794-8558,제주 서귀포시 대정읍 하모리 2138-2,4.5,"둘째, 넷째 수요일"
고불락  ,한식-일반한식,(064) 799-0393,제주 제주시 애월읍 고내리 1164-1,3.6,명절
월척  ,일식-생선회,(064) 721-6308,제주 제주시 용담일동 386,4.0,연중무휴
부촌  ,한식-일반한식,(064) 784-0149,제주 서귀포시 성산읍 고성리 2747-7,3.8,연중무휴
막창먹는놈  ,한식-삼겹살,(064) 783-2133,제주 서귀포시 성산읍 고성리 1194-4,4.0,연중무휴
사대천황  ,한식-일반한식,(064) 758-5585,제주 제주시 이도이동 1771-5,4.0,연중무휴
빨간머리앤의집  ,카페/주점-카페,(064) 784-2171,제주 제주시 우도면 연평리 2512-5,4.0,비정기적 휴무
더돈(The돈)  ,한식-삼겹살,(064) 743-3334,제주 제주시 애월읍 신엄리 989-2,3.9,연중무휴
영주말가든  ,한식-생고기/등심,(064) 748-4343,제주 제주시 오라이동 3176,4.1,연중무휴
동성수산횟집  ,한식,(064) 794-7034,제주 서귀포시 대정읍 하모리 2133-1,4.0,연중무휴
고객식당  ,한식-해물요리,(064) 727-3002,제주 제주시 이도일동 1436-7,4.1,휴무불규칙
토계정  ,한식-샤브샤브,(064) 783-6255,제주 제주시 조천읍 교래리 524,3.2,"둘째, 넷째주 월요일"
달비치카페  ,카페/주점-카페,(064) 0000-0000,제주 제주시 구좌읍 월정리 13,4.4,연중무휴
탐라흑돼지  ,한식-삼겹살,(064) 784-3678,제주 서귀포시 성산읍 성산리 218-14,3.5,부정기적
오조해녀의집  ,한식-해물요리,(064) 784-7789,제주 서귀포시 성산읍 오조리 3,3.6,연중무휴
푸주옥  ,한식-일반한식,(064) 727-8888,제주 제주시 오라일동 1014-3,4.0,연중무휴
감초식당  ,한식,(064) 753-7462,제주 제주시 이도일동 1289-5,4.0,"1,3주일요일휴무"
큰갯물횟집  ,일식-생선회,(064) 738-1625,제주 서귀포시 대포동 2070 큰갯물횟집,3.6,연중무휴
복여네왕돈까스  ,일식-돈까스전문,(064) 783-0203,제주 제주시 우도면 연평리 880-2,4.1,연중무휴
탐라바당  ,한식-해물요리,(064) 747-3727,제주 제주시 용담삼동 1026-9,4.0,연중무휴
빵굽는카페라블   ,카페/주점-카페,(064) 783-0476,제주 제주시 구좌읍 월정리 27-2,2.9,연중무휴
산적  ,한식-삼겹살,(064) 722-8384,제주 제주시 이도이동 1188-2,3.7,연중무휴
이노우에스시  ,일식-생선회,(064) 712-6678,제주 제주시 연동 1413-7,3.6,매주 일요일
제주마당  ,한식-해물요리,(064) 749-5501,제주 제주시 노형동 914-2,3.7,연중무휴
화진전복  ,한식(전복요리전문점),(064) 752-2280,제주 제주시 삼도이동 1201,3.9,없음
돌미롱(켄싱턴제주호텔)  ,한식-일반한식,(064) 735-8902,제주 서귀포시 색달동 2785,4.0,연중무휴
카페봄날  ,카페/주점-카페,(064) 799-4999,제주 제주시 애월읍 애월리 2540,2.6,명절
덕승식당  ,한식-해물요리,(064) 794-0177,제주 서귀포시 대정읍 하모리 770-3,4.0,첫째주 화요일
숲커피플라워 제주  ,카페/주점-카페,(064) 739-2046,제주 서귀포시 강정동 167-7 1층,3.9,연중무휴
이서진쿡디자인  ,기타/세계-퓨전푸드,(064) 711-3777,제주 제주시 애월읍 애월리 2155-1,4.0,매주 월요일
복자씨연탄구이  ,한식-삼겹살,(064) 782-7330,제주 서귀포시 성산읍 오조리 367-1,3.4,연중무휴
보목해녀의집  ,한식-기타,(064) 732-3959,제주 서귀포시 보목동 566-3 보목어촌체험안내센터,3.5,연중무휴
맛나식당  ,한식-해물요리,(064) 782-4771,제주 서귀포시 성산읍 고성리 316-9,4.0,연중무휴
성산포바다향  ,한식-해물요리,(064) 783-8005,제주 서귀포시 성산읍 성산리 358-3,3.9,연중무휴
복자씨연탄구이  ,한식-삼겹살,(064) 782-7330,제주 서귀포시 성산읍 오조리 367-1,3.3,연중무휴
제주어멍통갈치  ,한식-해물요리,(064) 744-2882,제주 제주시 용담삼동 2576-3,4.1,연중무휴
돌집식당  ,한식,(064) 787-3720,제주 서귀포시 표선면 성읍리 1624-3,3.8,명절 당일
풍차라운지(롯데호텔제주)  ,카페/주점-바,(064) 731-4261,제주 서귀포시 색달동 2812-4,3.9,연중무휴
춘심이네 2호점  ,한식-해물요리,(064) 711-4020,제주 제주시 노형동 158-1,3.9,연중무휴
만선식당  ,한식-해물요리,(064) 794-6300,제주 서귀포시 대정읍 하모리 770-50,4.0,연중무휴
김해횟집  ,일식-생선회,(064) 711-1318,제주 제주시 용담삼동 505,4.2,연중무휴
88돼지  ,한식,(064) 711-9947,제주 제주시 연동 261-10,4.0,연중무휴
한울(제주항공우주호텔)  ,호텔뷔페,(064) 747-4900,제주 서귀포시 안덕면 서광리 산41,3.8,연중무휴
춤추는오병장의돼지꿈  ,한식-찌개전문,(064) 724-0092,제주 제주시 삼양삼동 2506-3,3.9,매주 수요일
메밀애  ,한식-국수전문,(064) 739-3787,제주 서귀포시 강정동 851-1,3.8,연중무휴
블리케이크(blee cake)  ,카페/주점-카페,(010) 8296-0419,제주 제주시 아라이동 3002-12,4.1,매주 일요일 휴무
제주홍돈 본점  ,한식-생고기/등심,(064) 796-2250,제주 제주시 한림읍 한림리 1590-1,4.0,연중무휴
옥돔식당  ,한식,(064) 794-8833,제주 서귀포시 대정읍 하모리 1067-23,3.7,"첫째 주, 셋째 주 수요일"
여진떡집  ,한식-기타,(064) 721-0504,제주 제주시 이도일동 1436-7,3.9,연중무휴
가파도용궁정식  ,한식-일반한식,(064) 794-7083,제주 서귀포시 대정읍 가파리 71-2,4.0,연중무휴
천해천  ,일반뷔페,(064) 742-1101,제주 제주시 노형동 3813,3.8,연중무휴
미영이네식당  ,한식-해물요리,(064) 792-0077,제주 서귀포시 대정읍 하모리 770-29,4.1,비정기적
곽지박사장네  ,한식-해물요리,(064) 799-2009,제주 제주시 애월읍 곽지리 2068,2.9,수요일휴무
전설의마녀  ,양식,(064) 746-9080,제주 제주시 애월읍 구엄리 606,3.7,수요일 오전 휴무
서귀포흑돼지명가  ,한식-일반한식,(064) 739-7347,제주 서귀포시 호근동 431-8 해운대가든,3.7,연중무휴
부르네전복  ,한식-해물요리,(064) 713-6223,제주 제주시 용담삼동 2576,4.0,연중무휴
고내횟집  ,일식-생선회,(064) 799-6888,제주 제주시 애월읍 고내리 1113,4.1,연중무휴
쉐프의스시이야기  ,일식-초밥/롤전문,(064) 745-7785,제주 제주시 연동 261-9,4.0,월요일
마라도에서온자장면집  ,중식-일반,(070) 7539-7038,제주 서귀포시 안덕면 화순리 775-6,4.0,매주 화요일
미풍해장국 본점  ,한식-일반한식,(064) 758-7522,제주 제주시 삼도이동 143-2,4.0,연중무휴
깡촌흑돼지  ,한식-삼겹살,(064) 784-0787,제주 제주시 조천읍 함덕리 1001,3.2,연중무휴
한라산도야지  ,한식-삼겹살,(064) 783-2811,제주 제주시 구좌읍 세화리 3643-2,4.0,"둘째, 넷째주 월요일"
쇠소깍돌카페  ,카페/주점-카페,(070) 4146-1775,제주 서귀포시 하효동 999,4.0,매주 월요일
용출횟집  ,일식-생선회,(064) 742-9244,제주 제주시 용담삼동 505,4.0,명절
작은부엌  ,한식-한정식,(010) 4699-3179,제주 제주시 조천읍 선흘리 1123,4.1,"매주 일요일, 월요일 휴무"
서귀포회수산마트  ,일식-생선회(활어회전문),(064) 733-8280,제주 서귀포시 서귀동 667-36,3.9,연중무휴
색달식당  ,한식,(064) 738-1741,제주 서귀포시 색달동 2276-5,3.9,연중무휴
수우동  ,일식,(064) 796-5830,제주 제주시 한림읍 협재리 1706-1,4.0,화요일
하늘오름(켄싱턴제주호텔)  ,양식-패밀리레스토랑,(064) 735-8907,제주 서귀포시 색달동 2785,4.0,연중무휴
마농치킨 2호점  ,패스트푸드-치킨,(064) 738-3521,제주 서귀포시 서호동 278-10,4.0,"1, 3주 화요일"
티에라(제주대명리조트)  ,카페/주점-호프,(064) 780-5193,제주 제주시 조천읍 함덕리 274,3.9,연중무휴
웅스키친  ,양식-이탈리아음식,(064) 784-1163,제주 제주시 구좌읍 송당리 1370-3,4.1,수요일휴무
김명자굴국밥 제주본점  ,한식-일반한식,(064) 747-0320,제주 제주시 연동 456,4.3,명절휴무
경미네집(경미휴게소)  ,한식-해물요리,(064) 782-2671,제주 서귀포시 성산읍 성산리 145-4,3.5,화요일휴무
웃뜨르우리돼지  ,한식-일반한식,(064) 772-5992,제주 제주시 한경면 청수리 3260-1,4.1,연중무휴
커큐민흑돼지  ,한식-삼겹살,(064) 784-5671,제주 서귀포시 성산읍 고성리 236,4.0,연중무휴
나목도식당  ,한식-일반한식,(064) 787-1202,제주 서귀포시 표선면 가시리 1877-6,4.0,"매월1,3주수요일"
청정제주마장  ,한식-기타,(064) 787-3662,제주 서귀포시 표선면 표선리 945-1 청정제주마장,3.9,연중무휴
시골길  ,한식-일반한식,(064) 743-1196,제주 제주시 연동 292-36,4.0,"명절, 주말"
시흥해녀의집  ,한식-해물요리,(064) 782-9230,제주 서귀포시 성산읍 시흥리 12-64,4.2,연중무휴
엉클통김밥 노형점  ,한식-일반한식,(064) 755-1951,제주 제주시 노형동 740-1 영화빌딩,3.4,연중무휴
오로섬  ,한식-해물요리,(064) 742-9899,제주 제주시 용담삼동 2317,4.1,명절
현대식당  ,한식-일반한식,(064) 782-3143,제주 서귀포시 성산읍 성산리 360-2,4.1,연중무휴
사형제횟집  ,일식-생선회,(064) 796-8709,제주 제주시 한림읍 대림리 2015,3.9,"둘째, 넷째주 수요일 (7,8,9월 휴무없음)"
버들집  ,일식-생선회,(064) 762-7266,제주 서귀포시 중앙동 273-4,3.8,연중무휴
남궁미락  ,일식-생선회,(064) 762-7587,제주 서귀포시 송산동 726-11,3.5,연중무휴
덕성원  ,중식-일반,(064) 762-2402,제주 서귀포시 서귀동 474,4.0,연중무휴
칠돈가 본점  ,한식-생고기/등심,(064) 727-9092,제주 제주시 용담일동 189-3,3.7,매월2주 수요일
봉추찜닭 제주점  ,한식-닭/오리요리,(064) 757-6981,제주 제주시 이도이동 1185-6,4.0,연중무휴
씨카페  ,뷔페,(064) 730-1040,제주 제주시 연동 2324-6 제주연동롯데시티호텔,3.8,연중무휴
어부지리  ,한식-해물요리,(064) 746-4343,제주 제주시 노형동 2736,4.0,"매월1,3주일요일휴무"
가람돌솥밥  ,한식-일반한식,(064) 738-1200,제주 서귀포시 대포동 747-3,3.5,연중무휴
만세국수 삼성혈점  ,한식-국수전문,(064) 727-7056,제주 제주시 이도이동 1061-2,4.1,연중무휴
제주올레횟집  ,한식-해물요리,(064) 767-4422,제주 서귀포시 서귀동 667-10,3.6,연중무휴
용두암바당회국수  ,한식-국수전문,(064) 711-6754,제주 제주시 용담삼동 1026-3,3.9,연중무휴
진아떡집  ,한식-기타,(064) 757-0229,제주 제주시 일도일동 1141-3,3.7,비정기적 휴무
어등포해녀촌  ,한식-해물요리,(064) 782-7500,제주 제주시 구좌읍 행원리 575-15,3.9,3째주 목
삼다해물뚝배기  ,한식-해물요리,(064) 733-0591,제주 서귀포시 하효동 751-5,3.6,"명절, 격주 월요일"
우진해장국  ,한식,(064) 757-3393,제주 제주시 삼도이동 831,4.0,연중무휴
배롱개  ,한식-국수전문,(064) 784-0030,제주 제주시 구좌읍 월정리 648,4.0,연중무휴
우진해장국  ,한식,(064) 757-3393,제주 제주시 삼도이동 831,4.0,연중무휴
배롱개  ,한식-국수전문,(064) 784-0030,제주 제주시 구좌읍 월정리 648,4.0,연중무휴
카페아프리카  ,카페/주점-카페,(064) 759-4000,제주 제주시 삼양일동 1622 비치조아,3.8,연중무휴
아서원  ,중식-일반,(064) 767-3130,제주 서귀포시 하효동 629-2,3.1,부정기적
섭지코지해녀밥상  ,한식-해물요리,(064) 782-4705,제주 서귀포시 성산읍 고성리 562-1,4.0,연중무휴
바당동네  ,일식-생선회(활어회전문),(064) 732-9255,제주 서귀포시 동홍동 135-2,4.0,연중무휴
애월더선셋  ,카페/주점,(010) 3890-5943,제주 제주시 애월읍 곽지리 1381,4.2,매주 목요일
화통삼 신제주점  ,한식-삼겹살,(064) 748-0419,제주 제주시 연동 261-52,4.0,연중무휴
애월튀김간  ,분식,(064) 799-6351,제주 제주시 애월읍 애월리 1584-1,4.0,비정기적
이드레국수  ,한식-국수전문,(064) 738-8777,제주 서귀포시 색달동 2504,2.9,연중무휴
카페다금바리스타  ,카페/주점-커피전문,(010) 4768-1999,제주 제주시 한경면 고산리 3610-4,4.1,월/화/수요일휴무
더심플카페(THE SIMPLE)  ,카페/주점-카페,(064) 738-3382,제주 서귀포시 서호동 1551-10,3.8,"매주 화,수요일"
망고레이 제주함덕점  ,카페/주점-카페,(064) 784-2443,제주 제주시 조천읍 함덕리 1269-19,4.0,연중무휴
미엘드세화(Miel de Sehwa)  ,카페/주점-카페,(064) 782-6070,제주 제주시 구좌읍 세화리 1476-1,3.9,수요일휴무
"위더스트래블(With us, Travel)  ",카페/주점-카페,(064) 722-0823,제주 제주시 아라일동 6113-16,3.8,연중무휴
선미식당  ,한식-해물요리,(064) 782-4811,제주 서귀포시 성산읍 성산리 189,4.1,연중무휴
두루두루  ,한식-해물요리,(064) 744-9711,제주 제주시 연동 291-10,4.0,명절
낭만팥집  ,카페/주점-카페,(010) 2738-0074,제주 서귀포시 동홍동 92-12,4.1,화요일휴무
지발(JIVAL)  ,양식-경양식,(064) 772-5050,제주 제주시 애월읍 고내리 1213,4.0,연중무휴
월정리로와(LOWA)  ,카페/주점-카페,(064) 783-2240,제주 제주시 구좌읍 월정리 6,3.9,연중무휴
쫑이네해산물  ,한식-해물요리,(064) 782-5880,제주 서귀포시 성산읍 온평리 956-1,4.0,첫째주 셋째주 수요일 휴무
어머니와장독대 서귀포점  ,한식,(064) 762-1233,제주 서귀포시 서홍동 442-19,4.1,-
범일분식  ,한식-일반한식,(064) 764-5069,제주 서귀포시 남원읍 남원리 139-9,4.0,토요일휴무
바람벽에흰당나귀  ,카페/주점-카페,(064) 782-8611,제주 제주시 구좌읍 동복리 1645-1,4.1,연중무휴
야미야미  ,카페/주점-주점,(064) 784-8999,제주 제주시 구좌읍 월정리 501-1,3.9,연중무휴
굿바이폴리(GoodbyePoly)  ,카페/주점-카페,(010) 7103-9724,제주 제주시 조천읍 선흘리 532,3.9,"매주 수요일/매달 마지막주 수요일, 목요일"
오빠밥줘  ,한식-일반한식,(010) 9129-5973,제주 제주시 구좌읍 월정리 13,3.7,비정기적
라테라스(더스위트호텔제주)  ,양식-패밀리레스토랑,(064) 735-9125,제주 서귀포시 색달동 2812-10,4.2,연중무휴
김희선몸국  ,한식,(064) 745-0047,제주 제주시 용담삼동 1129-2,3.9,일요일휴무
문치비  ,한식-생고기/등심,(064) 739-2560,제주 서귀포시 강정동 172-2,4.0,연중무휴
리치망고 애월본점  ,카페/주점-카페,(070) 4243-5959,제주 제주시 애월읍 고내리 474-1,4.1,연중무휴
봉쉡망고  ,카페/주점-카페,(064) 782-7007,제주 제주시 구좌읍 월정리 541,3.4,연중무휴
오조삼춘  ,일식,(010) 4505-3396,제주 서귀포시 성산읍 오조리 724-1,3.6,둘째 넷째 일요일
무진장식당  ,한식,(064) 712-6881,제주 제주시 오라일동 2442-10,4.1,"첫째주, 셋째주 월요일 휴무"
솔향흑돼지  ,한식-삼겹살,(064) 799-9232,제주 제주시 애월읍 곽지리 1380,3.2,연중무휴
카페귤꽃  ,카페/주점-카페,(064) 784-2012,제주 제주시 조천읍 함덕리 3527-1,4.4,매주 목요일
마고(MARGAUX) 해비치리조트  ,베이커리,(064) 780-8387,제주 서귀포시 표선면 표선리 40-76,4.0,연중무휴
마두천손칼국수  ,한식-국수전문,(064) 711-9288,제주 제주시 용담이동 940-15,4.1,수요일휴무
황금무지개  ,일식-초밥/롤전문,(064) 752-2233,제주 제주시 삼양일동 1599-24,4.0,수요일휴무
제주할망뚝배기  ,한식-일반한식,(064) 733-9934,제주 서귀포시 서귀동 669-4,3.9,매주 화요일
낙지마당  ,한식-해물요리,(064) 738-1524,제주 서귀포시 서호동 1462-2,4.2,"2,4째 일요일"
녹차고을  ,한식,(064) 712-1780,제주 제주시 애월읍 하귀1리 235-5,3.8,연중무휴
라꼼마(La Comma)  ,양식-이탈리아음식,(064) 767-5060,제주 서귀포시 동홍동 2025-2,4.3,매주 일요일 휴무
순옥이네명가  ,한식,(064) 712-3434,제주 제주시 도두일동 2615-5,3.8,명절
광명식당  ,한식-일반한식,(064) 757-1872,제주 제주시 일도일동 1103,4.2,연중무휴
황금륭버거 본점  ,패스트푸드-햄버거(수제빅버거전문),(064) 773-0097,제주 서귀포시 대정읍 신도리 11,3.9,연중무휴
아라파파(à la papa)  ,베이커리,(064) 725-8204,제주 제주시 연동 1523,3.7,연중무휴
어진이네  ,한식-일반한식,(064) 732-7442,제주 서귀포시 보목동 261,3.7,"1,3째 주 화요일"
도도닭강정  ,패스트푸드-기타,(064) 733-4709,제주 서귀포시 서귀동 296-13,4.2,연중무휴
착한튀김  ,분식,(064) 723-3392,제주 제주시 화북일동 1973-20,4.1,매주 일요일 휴무
다이아몬드(제주부영리조트)  ,양식-경양식,(064) 731-5522,제주 서귀포시 중문동 2700-2,4.1,연중무휴
비스트로리틀이태리  ,양식-경양식,(064) 787-8284,제주 서귀포시 표선면 표선리 1-2,4.0,연중무휴
몽상드애월  ,카페/주점-카페,(064) 799-8900,제주 제주시 애월읍 애월리 2546,3.5,연중무휴
더파크뷰(제주신라호텔)  ,호텔뷔페,(064) 735-5334,제주 서귀포시 색달동 3039-3,4.0,연중무휴
석다원  ,한식,(064) 784-2329,제주 제주시 구좌읍 하도리 473,3.7,연중무휴
오는정김밥  ,한식-기타(김밥전문),(064) 762-8927,제주 서귀포시 서귀동 254-6,3.2,일요일휴무
제주슬로비  ,한식-기타,(064) 799-5535,제주 제주시 애월읍 애월리 1587 애월리사무소 복지회관 1층,3.9,매주 화요일 휴무
벽돌집  ,한식-삼겹살,(070) 4318-8108,제주 제주시 이도이동 1766-6,4.3,연중무휴
중문랜드프리미엄뷔페  ,일반뷔페,(064) 738-7997,제주 서귀포시 상예동 2802 중문랜드빌딩 2층,3.4,연중무휴
백성원해장국  ,한식-찌개전문,(064) 724-0792,제주 제주시 이도이동 1176-114,4.3,매주 일요일
파크가든  ,한식,(064) 786-1320,제주 제주시 회천동 3-16,3.9,연중무휴
만조이천쌀밥 제주성산점  ,한식-일반한식,(064) 784-9793,제주 서귀포시 성산읍 성산리 168-8,4.3,"둘째, 넷째주 일요일"
이조은식당  ,한식-일반한식,(064) 738-7123,제주 서귀포시 색달동 2476-3,3.4,연중무휴
모도락(제주디아일랜드마리나)  ,한식-삼겹살,(064) 782-9551,제주 서귀포시 서귀동 544-2,3.7,연중무휴
솔피쉬(SOL FISH)  ,양식-기타,(064) 733-5567,제주 서귀포시 서귀동 553-4,3.7,연중무휴
항구식당  ,한식-해물요리(자리 전문점),(064) 794-2254,제주 서귀포시 대정읍 하모리 770-4,4.0,부정기적
흑돈가 제주본점  ,한식-삼겹살,(064) 747-0088,제주 제주시 노형동 3811,4.0,연중무휴
식후경  ,한식-해물요리,(064) 794-7444,제주 서귀포시 대정읍 상모리 133-13,4.0,연중무휴
민트(휘닉스아일랜드)  ,양식-패밀리레스토랑,(064) 731-7773,제주 서귀포시 성산읍 고성리 182,4.1,연중무휴
플레이커피랩(play coffee lab)  ,카페/주점-커피전문,(010) 5293-0207,제주 서귀포시 서귀동 257-13 1층,4.2,"둘째주, 넷째주 월요일 휴무"
옐로우564(Yellow564)  ,한식-일반한식,(064) 773-5640,제주 제주시 한경면 저지리 2969-1,4.3,매주 일요일
제주명가두루치기  ,한식-해물요리,(064) 763-2272,제주 서귀포시 서귀동 316-5,4.1,연중무휴
까사델소니도 노형점  ,카페/주점-카페,(064) 711-6977,제주 제주시 노형동 3788-12,4.0,연중무휴
남춘식당  ,한식-국수전문,(064) 702-2588,제주 제주시 이도이동 379-3,3.6,일요일휴무
탐라가든  ,한식-갈비,(064) 726-1300,제주 제주시 삼도이동 632-7,3.9,둘째 주 월요일
웅담식당  ,한식-생고기/등심,(064) 762-6442,제주 서귀포시 서귀동 385-3,3.6,명절
올래국수  ,한식-국수전문,(064) 742-7355,제주 제주시 연동 301-19,4.2,일요일휴무
연화몽  ,한식-냉면,(064) 799-7765,제주 제주시 한림읍 동명리 1680-2,4.0,연중무휴
산양산삼해물라면 제주도본점  ,한식-해물요리,(064) 711-6152,제주 제주시 이호일동 1785,4.0,연중무휴
메종드쁘띠프루  ,베이커리,(064) 702-0919,제주 제주시 아라이동 3001-19,3.8,매주 일요일
주비's(JUBI's)  ,카페/주점-카페,(010) 6368-7676,제주 제주시 이호일동 634-3,4.0,연중무휴
등대와바당  ,한식-해물요리,(064) 743-0551,제주 제주시 도두일동 2614-4,3.3,명절
다래향 본점  ,중식-일반,(064) 782-9466,제주 제주시 조천읍 함덕리 3132-1,4.0,월요일휴무
서광춘희  ,기타/세계-퓨전푸드,(064) 792-8911,제주 서귀포시 안덕면 서광리 141-10,3.9,화
무인카페 산책  ,카페/주점-카페(무인카페),(010) 7625-7711,제주 제주시 애월읍 고내리 1155,4.1,연중무휴
그리다&쿡  ,양식,(064) 751-2245,제주 제주시 이도이동 1185-14,4.0,매주 월요일 휴무
하르방밀면  ,한식-국수전문,(064) 712-5000,제주 제주시 노형동 2514-8,3.6,연중무휴
곱들락  ,한식-삼겹살,(064) 783-0992,제주 제주시 조천읍 함덕리 951-1,3.9,매주 화
돌하르방식당  ,한식,(064) 752-7580,제주 제주시 일도이동 320-14,4.2,공휴일
밥깡패  ,양식-이탈리아음식,(064) 799-8188,제주 제주시 한림읍 한림리 1534-6,4.4,"매주 월,일요일"
제주삼다국수  ,한식-국수전문,(064) 739-3167,제주 서귀포시 서호동 1476-7,3.9,매주 일요일
월정리에서브런치  ,카페/주점-카페,(064) 782-2262,제주 제주시 구좌읍 월정리 551,3.9,연중무휴
제주해물이야기  ,한식-해물요리,(064) 794-0058,제주 서귀포시 대정읍 상모리 133 2층,4.0,연중무휴
망고레이 제주성산섭지코지점  ,카페/주점-카페,(064) 782-6006,제주 서귀포시 성산읍 고성리 204-2,4.5,연중무휴
바싹부대찌개  ,한식-찌개전문,(064) 783-2001,제주 서귀포시 성산읍 고성리 305-4,3.6,토요일휴무
제스피맥주(JESPI)  ,카페/주점,(064) 713-7744,제주 제주시 연동 273-34,3.8,연중무휴
새로나분식  ,분식,(064) 762-1949,제주 서귀포시 중앙동 273-5,4.1,연중무휴
남바마버거집  ,카페/주점-카페,(010) 2369-8517,제주 제주시 구좌읍 월정리 348-1,4.0,일요일휴무
카페콜라(CAFE COLA)  ,카페/주점-카페,(010) 5338-9969,제주 제주시 한림읍 귀덕리 1028,3.5,매월 첫쨰 셋째 화요일
오름(제주항공우주호텔)  ,한식-일반한식,(064) 747-4900,제주 서귀포시 안덕면 서광리 산41,4.2,연중무휴
빨간집  ,한식-닭/오리요리,(064) 723-1173,제주 제주시 이도이동 1179-9,4.0,연중무휴
삼대국수회관 노형점  ,한식,(064) 722-3366,제주 제주시 노형동 3791-7,3.9,화요일휴무
라올레(켄싱턴제주호텔)  ,호텔뷔페,(064) 735-8901,제주 서귀포시 색달동 2785,4.0,연중무휴
오크레스토랑  ,호텔뷔페,(064) 735-8834,제주 서귀포시 강정동 173,3.5,연중무휴
기억나는집  ,한식-해물요리,(064) 733-8500,제주 서귀포시 서귀동 486-4,3.9,연중무휴
종달수다뜰  ,한식-일반한식,(064) 782-1259,제주 제주시 구좌읍 종달리 2566-1,4.1,연중무휴
시간더하기  ,베이커리,(064) 787-9984,제주 서귀포시 표선면 가시리 3149-33 조랑말체험공원,4.1,매주 화요일 휴무
두다트 제주1호점  ,카페/주점-카페,(064) 748-8869,제주 제주시 연동 253-1,3.8,연중무휴
서문뒷고기  ,한식-생고기/등심,(064) 757-5733,제주 제주시 삼도이동 821-2,4.2,명절
쌀다방  ,카페/주점-카페,(010) 8442-9160,제주 제주시 삼도이동 967,3.6,연중무휴
춘천명동닭갈비 서귀포시청점  ,한식-닭/오리요리,(064) 733-6292,제주 서귀포시 서귀동 408-2,4.0,연중무휴
어반르토아(URBAN LE TOIT)  ,카페/주점-카페,(064) 722-5525,제주 제주시 이도이동 1973-4,3.6,연중무휴
공육사다방(project064)  ,카페/주점-카페,(064) 744-0643,제주 제주시 연동 261-59,4.0,연중무휴
빠빠라기(PAPALAGI) 신제주점  ,카페/주점-카페,(064) 753-2888,제주 제주시 연동 272-19,4.0,매주 월요일
청운식당  ,한식-해물요리,(064) 782-3912,제주 서귀포시 성산읍 성산리 192-2,4.0,연중무휴
카카듀 제주  ,카페/주점-카페,(064) 721-3373,제주 제주시 이도이동 1978-1,4.1,매주 일요일
슬기식당  ,한식-일반한식,(064) 757-3290,제주 제주시 건입동 674-25,3.7,일요일
오복떡집  ,한식-기타,(064) 753-4641,제주 제주시 일도일동 1480-1,2.9,연중무휴
돌핀카페  ,카페/주점-카페,(064) 721-5001,제주 제주시 삼양일동 1620,3.3,연중무휴
레이지박스카페  ,카페/주점-카페,(064) 792-7347,제주 서귀포시 안덕면 사계리 177-5,4.0,연중무휴
타코마씸  ,기타/세계-퓨전푸드,(064) 782-0726,제주 제주시 구좌읍 월정리 13,4.2,연중무휴
카페세바(Cafe SEBA)  ,카페/주점-카페,(010) 2588-9653,제주 제주시 조천읍 선흘리 1093-1,4.3,매주 수요일
산호반점  ,중식-일반,(064) 782-1823,제주 제주시 우도면 연평리 2516-2,4.0,연중무휴
티나케이크  ,카페/주점-카페,(010) 3323-6185,제주 서귀포시 서귀동 232-3,3.7,연중무휴
쉬는팡가든  ,한식,(064) 738-5833,제주 서귀포시 상예동 1765-1,3.5,수요일
어우늘  ,한식,(064) 743-5131,제주 제주시 오라이동 3103-1,4.1,일요일휴무
구름물고기  ,카페/주점-카페,(064) 799-5508,제주 제주시 애월읍 하가리 1044-1,4.0,월요일휴무
태선갈비  ,한식-갈비,(064) 721-2422,제주 제주시 이도일동 1708-1,3.8,"명절 / 둘째, 셋째주 화요일"
샤라의정원  ,카페/주점-카페,(070) 7773-9631,제주 제주시 조천읍 선흘리 3976,3.9,화요일
그마니네  ,한식-해물요리,(064) 743-9242,제주 제주시 애월읍 하귀1리 266-6,3.8,연중무휴
슬슬슬로우  ,한식,(010) 9261-9284,제주 제주시 구좌읍 행원리 1482,3.7,연중무휴
국수와냉면  ,한식-냉면,(064) 757-1325,제주 제주시 삼도이동 1192-12,3.6,"둘째, 넷째주 화요일"
제주흑돈세상수라간  ,한식-삼겹살,(010) 5174-6195,제주 서귀포시 서홍동 265-1,3.2,"둘째, 넷째주 수요일"
양가형제  ,패스트푸드-햄버거,(010) 9338-7734,제주 제주시 한경면 청수리 746-8,3.9,연중무휴
멘도롱돈까스  ,양식-경양식,(064) 783-5592,제주 제주시 구좌읍 월정리 537-1,4.0,매주 목요일휴무
옛날옛적  ,한식-일반한식,(064) 784-2252,제주 서귀포시 성산읍 온평리 486-1,3.9,연중무휴
섭지해녀의집  ,한식-해물요리,(064) 782-0672,제주 서귀포시 성산읍 고성리 127-1,4.2,연중무휴
촌촌해녀촌  ,한식-해물요리,(064) 783-4242,제주 제주시 구좌읍 동복리 1502,3.9,넷째 주 화요일
성공식당  ,한식-일반한식,(064) 723-0979,제주 제주시 일도일동 1102-43,3.8,연중무휴
오월의꽃  ,카페/주점-카페(무인카페),(064) 772-5995,제주 제주시 한경면 저지리 2989-1,4.0,연중무휴
누룽지식당  ,한식-해물요리,(064) 724-6665,제주 제주시 이도이동 1020-12,4.0,일요일휴무
소곱에  ,분식,(064) 783-0565,제주 제주시 구좌읍 월정리 565,4.1,매주 화
앤트러사이트(Anthracite) 한림점  ,카페/주점-카페,(064) 796-7991,제주 제주시 한림읍 동명리 1715,3.9,연중무휴
최이수김밥  ,분식,(064) 763-6322,제주 서귀포시 서귀동 286-17,3.9,매주 월요일
고망딱새  ,카페/주점-카페,(064) 712-5362,제주 제주시 이호일동 348-2,4.0,연중무휴
벨로인커피 도두점  ,카페/주점-카페,(064) 712-4868,제주 제주시 도두일동 2547,4.0,연중무휴
면뽑는선생만두빚는아내  ,한식,(064) 796-4562,제주 제주시 한림읍 협재리 1398,3.9,수요일휴무
산방식당 제주점  ,한식-냉면,(064) 722-2165,제주 제주시 이도이동 1999-12,3.5,화요일휴무
안나의촐라체  ,한식-삼겹살,(064) 784-1110,제주 제주시 구좌읍 종달리 1866,4.3,매주 월요일
명리동식당  ,한식,(064) 772-5571,제주 제주시 한경면 저지리 3136-1,4.1,월요일휴무
카페동네  ,카페/주점-카페,(070) 8900-6621,제주 제주시 구좌읍 종달리 841-1,4.0,"명절, 매주 화요일 휴무"
청호식당  ,한식-해물요리,(064) 782-7829,제주 서귀포시 성산읍 온평리 661-2,3.6,연중무휴
커피박물관바움  ,카페/주점-카페,(064) 784-2255,제주 서귀포시 성산읍 고성리 2040-1,4.1,연중무휴
카페태희  ,카페/주점,(064) 799-5533,제주 제주시 애월읍 곽지리 1575-3,3.9,매주 화요일
캠퍼(CAMPER)  ,카페/주점-주점,(070) 4108-4808,제주 제주시 이도이동 1765-3,3.9,연중무휴
꺼멍  ,한식-삼겹살,(064) 748-9285,제주 제주시 노형동 2737,4.3,명절
하도테이블  ,카페/주점-카페,(064) 784-8216,제주 제주시 구좌읍 하도리 907 비젠빌리지 내 하도테이블,3.9,연중무휴
최마담네빵다방  ,카페/주점-카페,(064) 796-6872,제주 제주시 한림읍 협재리 1494-1,3.9,매주 목
돌담너머바다  ,양식,(064) 749-5527,제주 제주시 한경면 판포리 2881-3 2동1층,4.2,매주 화요일
대한상회  ,한식-일반한식,(064) 757-3526,제주 제주시 이도이동 1771-6,4.0,연중무휴
명랑스낵  ,분식,(070) 4121-1110,제주 제주시 한림읍 한림리 1479-4,3.4,연중무휴
이금돈지  ,한식,(064) 711-8866,제주 제주시 연동 293-44,4.0,연중무휴
낭푼이닭한마리  ,한식-닭/오리요리,(064) 724-6200,제주 제주시 이도이동 1180-5,4.0,연중무휴
브릭스제주(BRICKS JEJU)  ,카페/주점-카페,(010) 3090-0219,제주 제주시 구좌읍 김녕리 3416,4.1,연중무휴
올댓제주  ,카페/주점-주점,(064) 901-7893,제주 제주시 건입동 1319-26 1층,4.1,매주 화요일
최고집  ,한식-삼겹살,(064) 739-4777,제주 서귀포시 서호동 1477-6,4.0,연중무휴
협재화덕도나토스  ,양식-이탈리아음식,(064) 796-1981,제주 제주시 한림읍 협재리 2512-1,3.9,연중무휴
루스트플레이스(ROOST PLACE)  ,양식,(064) 738-9008,제주 서귀포시 강정동 163,3.7,연중무휴
마레벤또  ,양식-경양식,(010) 2824-8452,제주 제주시 애월읍 애월리 2501-1,4.0,연중무휴
써스티몽크 제주시청점  ,카페/주점-호프,(064) 752-0921,제주 제주시 이도이동 1179-14,4.0,연중무휴
뚱딴지  ,한식-삼겹살,(064) 799-2085,제주 제주시 애월읍 신엄리 2814-1,3.8,"둘째, 넷째 화요일"
칼집 시청점  ,한식-삼겹살,(064) 721-4279,제주 제주시 이도이동 1765-9,3.8,명절
서울식당 제주점  ,한식-갈비,(064) 783-8170,제주 제주시 조천읍 함덕리 1002-24,3.4,명절
카페하루하나  ,카페/주점-카페,(070) 7788-7170,제주 제주시 애월읍 장전리 204,4.2,연중무휴
제니의정원  ,양식-패밀리레스토랑,(064) 742-0649,제주 제주시 연동 1934-1,4.2,매주 화요일
숨어있는집  ,한식-일반한식,(064) 782-1579,제주 제주시 조천읍 함덕리 955-7,3.7,연중무휴
잇수다(IT SUDA)  ,양식-경양식,(064) 799-3739,제주 제주시 애월읍 고내리 1113-1,4.5,연중무휴
돔베돈 공항점  ,한식-삼겹살,(064) 755-0006,제주 제주시 도남동 61-4,2.6,연중무휴
채원일식  ,일식-생선회,(064) 751-3305,제주 제주시 이도이동 314-6,4.3,매주 화요일
청춘다락  ,카페/주점-카페,(064) 713-4573,제주 제주시 애월읍 신엄리 757-4,3.9,매주 일요일
바당칼국수  ,한식-국수전문,(064) 792-2684,제주 서귀포시 안덕면 사계리 2147-4,3.9,연중무휴
한치앞도모를바다  ,분식,(070) 8884-0428,제주 제주시 한림읍 협재리 1796-2,3.6,목요일휴무
카페숑  ,카페/주점-카페,(070) 4191-0586,제주 서귀포시 남원읍 신례리 27-6,3.8,"둘째주, 넷째주 일요일 휴무"
재연식당  ,한식,(064) 783-5481,제주 제주시 구좌읍 세화리 3644-8,3.5,일요일휴무
리솔라무인카페  ,카페/주점-카페,(064) 784-5903,제주 서귀포시 성산읍 수산리 2572 (주)한국건강가족,3.5,연중무휴
대성아귀찜  ,한식-해물요리,(064) 784-0975,제주 제주시 조천읍 함덕리 3219-1,3.7,매주 월요일
제주맑음  ,양식-경양식,(064) 784-0784,제주 제주시 구좌읍 행원리 1537-20,4.2,연중무휴
우도면파전리  ,분식,(064) 784-8514,제주 제주시 우도면 연평리 2369,4.1,매주 월요일 휴무
쌈싸돼지  ,한식-삼겹살,(064) 711-3492,제주 제주시 연동 273-34,3.9,연중무휴
지붕위제주바다  ,분식,(010) 9424-5340,제주 제주시 구좌읍 평대리 1878,3.9,연중무휴
시와나그네  ,카페/주점-카페,(064) 783-2929,제주 서귀포시 성산읍 오조리 398-10,4.3,연중무휴
부지깽이  ,한식-해물요리,(064) 723-3522,제주 제주시 이도이동 1178-6,4.1,일요일휴무
네거리식당  ,한식-일반한식,(064) 762-5513,제주 서귀포시 서귀동 320-9,3.6,명절
로드129  ,기타/세계-퓨전푸드,(010) 3076-6122,제주 제주시 애월읍 애월리 1722-3,3.7,토요일휴무
챠우  ,카페/주점-주점,(010) 3445-8665,제주 제주시 구좌읍 월정리 407,4.0,매주 화
그러므로(구.시소)  ,카페/주점-커피전문,(070) 4548-2984,제주 제주시 이도이동 2026-11 1층,3.8,매주 일요일 휴무
카페인디고  ,카페/주점-카페,(064) 799-1218,제주 제주시 애월읍 고내리 1218-1,4.0,"둘째주, 넷째주 월요일"
자매국수  ,한식-국수전문,(064) 746-2222,제주 제주시 삼도이동 1167-1,3.4,연중무휴
동이트는집  ,한식-일반한식,(064) 749-2309,제주 제주시 연동 282-22,4.3,"첫째, 셋째주 일요일"
삼다가  ,한식-생고기/등심,(064) 747-4711,제주 제주시 연동 311-58,3.1,연중무휴
호돌이식당  ,한식-해물요리,(064) 796-8475,제주 제주시 한림읍 협재리 3026,4.1,연중무휴
또또시  ,베이커리,(070) 4242-0707,제주 서귀포시 하효동 999,4.2,수요일
장수물식당  ,한식-국수전문,(064) 749-0367,제주 제주시 연동 310-79,3.5,연중무휴
올래파이  ,카페/주점-카페,(064) 746-3305,제주 제주시 연동 1485-7,3.9,매주 일
봉끄랑  ,카페/주점-카페,(064) 784-8899,제주 제주시 우도면 연평리 2649-1,4.1,연중무휴
어머니닭집  ,패스트푸드-치킨,(064) 782-4832,제주 서귀포시 성산읍 고성리 1003-9,4.1,연중무휴
우도자연  ,중식-일반,(064) 784-9911,제주 제주시 우도면 연평리 797,3.9,연중무휴
홍성방  ,중식-일반,(064) 794-9555,제주 서귀포시 대정읍 하모리 938-4,3.7,연중무휴
허벅식당  ,한식-일반한식,(064) 782-0799,제주 제주시 구좌읍 월정리 648-2,3.9,연중무휴
후년하우스  ,한식-샤브샤브,(064) 759-9292,제주 제주시 삼양이동 2181-19,3.8,명절
이가전복  ,한식-해물요리,(064) 726-2009,제주 제주시 삼도이동 1203-3,4.0,연중무휴
여디카페  ,카페/주점-카페,(010) 3290-3829,제주 제주시 우도면 연평리 1290-1,3.9,연중무휴
어애랑  ,일식,(064) 796-9253,제주 제주시 한림읍 협재리 1510,3.3,연중무휴
토끼와거북이  ,한식-해물요리,(064) 713-4444,제주 제주시 용담삼동 2356,3.8,연중무휴
산방식당  ,한식-냉면,(064) 794-2165,제주 서귀포시 대정읍 하모리 864-3,4.0,수요일휴무
성신흑돼지  ,한식-생고기/등심,(064) 787-7871,제주 서귀포시 표선면 표선리 40-47,3.9,연중무휴
가시식당  ,한식-일반한식,(064) 787-1035,제주 서귀포시 표선면 가시리 1898-1,3.5,명절
리치망고 하도점  ,카페/주점-카페,(070) 8900-2391,제주 제주시 구좌읍 하도리 473,3.9,연중무휴
뽀요요카페  ,카페/주점-카페,(064) 783-8118,제주 제주시 우도면 연평리 2652,3.9,연중무휴
도라지  ,한식-해물요리,(064) 722-3142,제주 제주시 오라삼동 2112,3.8,화요일휴무
컴플리트커피  ,카페/주점-카페,(070) 4129-0315,제주 제주시 연동 1523-3 1층,3.9,"둘째, 넷째주 화요일"
파시랑  ,카페/주점-카페,(064) 733-8125,제주 서귀포시 서귀동 624-3,4.1,매주 화요일
모래비  ,카페/주점-카페,(064) 782-2306,제주 제주시 구좌읍 월정리 536-4,3.9,연중무휴
아이스크림연구소카페  ,카페/주점-카페,(064) 784-7578,제주 제주시 우도면 연평리 343-2 1층,3.9,연중무휴
순희밥상  ,한식-해물요리,(064) 783-3257,제주 제주시 구좌읍 종달리 823,4.3,매주 일요일 휴무
새벽숯불가든  ,한식,(064) 783-9589,제주 서귀포시 성산읍 오조리 458,3.4,연중무휴
꺼멍도새기  ,한식-일반한식,(064) 757-7057,제주 제주시 일도일동 1103,3.7,연중무휴
애진정육식당  ,한식-삼겹살,(064) 757-9800,제주 제주시 이도이동 1187-4,3.9,연중무휴
바다풍경  ,일식-생선회,(064) 711-7992,제주 제주시 용담삼동 513-2,4.1,연중무휴
토닥토닥  ,일식-돈까스전문,(064) 702-9219,제주 제주시 일도일동 186-2,3.8,매주 월요일
르피라트(le pirate)  ,카페/주점-카페,(064) 799-8988,제주 제주시 애월읍 금성리 479,3.8,"매주 화, 수요일 휴무"
섬소나이  ,기타/세계-퓨전푸드,(064) 784-2918,제주 제주시 우도면 연평리 1290-6,4.0,배 안뜨는 날
망고레이 우도점  ,카페/주점,(070) 8234-0458,제주 제주시 우도면 연평리 1747-4,4.0,연중무휴
하우스레서피  ,카페/주점-카페,(064) 796-9440,제주 제주시 한림읍 귀덕리 1236-9,3.8,매주 화요일
해마루  ,한식-해물요리,(064) 782-1150,제주 서귀포시 성산읍 고성리 236,4.3,연중무휴
잠녀해녀촌  ,한식-해물요리,(064) 782-6769,제주 제주시 조천읍 함덕리 3150-2,3.8,연중무휴
이게밥도둑  ,한식,(070) 7553-2171,제주 제주시 이도이동 314-17,4.0,매주 월요일 휴무
동경우동  ,일식-우동,(064) 733-6905,제주 서귀포시 서귀동 301-19,4.1,일요일휴무
명원가든  ,한식-일반한식,(064) 784-1900,제주 서귀포시 성산읍 성산리 237-1 성산호텔 1층,4.1,연중무휴
블랑로쉐(BLANC ROCHER)  ,카페/주점-카페,(010) 8251-0220,제주 제주시 우도면 연평리 712-1,4.1,연중무휴
지미스  ,카페/주점-카페,(010) 9868-8633,제주 제주시 우도면 연평리 317-2,3.7,연중무휴
하빌리스(HABILIS COFFEE)  ,카페/주점-카페,(064) 724-0037,제주 제주시 삼도일동 701-5,3.7,연중무휴
동뜬식당  ,한식-해물요리,(064) 783-6684,제주 서귀포시 성산읍 성산리 135-2,4.1,연중무휴
제주정지  ,한식-해물요리,(064) 711-0810,제주 제주시 용담삼동 2367-6,3.9,연중무휴
우도씨  ,카페/주점-카페,(064) 782-7726,제주 제주시 우도면 연평리 295,3.9,연중무휴
키친비다  ,양식-경양식,(070) 8900-6532,제주 제주시 구좌읍 한동리 1837-3,4.1,매주 월요일 휴무
오샹띠(O CHANTILLY)  ,카페/주점-카페,(064) 745-5006,제주 제주시 노형동 2594-8 1층,4.0,연중무휴
림벅와플  ,카페/주점-카페,(064) 782-1155,제주 서귀포시 성산읍 성산리 158-1,4.2,연중무휴
그리운바다성산포  ,한식-일반한식,(064) 784-2128,제주 서귀포시 성산읍 성산리 360-10,4.1,연중무휴
일벤토(IL Vento)  ,양식,(064) 784-8830,제주 서귀포시 성산읍 시흥리 1146-3,4.2,수요일
쌔맹식당  ,한식-갈비,(064) 758-3363,제주 제주시 용담일동 2814-6,3.8,넷째주 일요일
엘리엇스체어(Elliott's Chair)  ,카페/주점-카페,(064) 753-3345,제주 제주시 이도이동 1979-22,3.8,매주 월요일
아랑  ,한식,(064) 745-2208,제주 제주시 연동 323-1,3.8,연중무휴
삼대전통고기국수  ,한식-국수전문,(064) 748-7558,제주 제주시 연동 310-45,4.1,매주 월요일
목포고을  ,한식-생고기/등심,(064) 738-5551,제주 서귀포시 색달동 2124-3,3.7,명절 휴무
공작소  ,카페/주점-카페,(070) 4548-0752,제주 제주시 구좌읍 세화리 1477-4,4.1,매주 수요일 / 전화확인 필요
헬로우도(HELLO U-DO)  ,카페/주점-카페,(064) 782-8488,제주 제주시 우도면 연평리 2572,4.0,화요일휴무
한입상회  ,한식-일반한식,(064) 724-3339,제주 제주시 이도이동 1187-4,3.9,연중무휴
매기의추억  ,카페/주점-카페,(070) 7722-1876,제주 제주시 한림읍 귀덕리 4142-1,3.7,일요일휴무
모드락(D-STONE PUB)  ,카페/주점,(064) 713-2220,제주 제주시 용담삼동 503-5,4.4,연중무휴
우도돼지네땅콩만두  ,분식,(064) 733-9949,제주 서귀포시 서귀동 276-15,4.3,연중무휴
찬늘따로국밥  ,한식-일반한식,(064) 900-8887,제주 제주시 조천읍 함덕리 14-58,4.2,연중무휴
도가촌  ,한식-삼겹살,(064) 763-2009,제주 서귀포시 동홍동 64-6,3.8,격주월요일휴무
말이  ,분식,(010) 7146-4567,제주 제주시 구좌읍 세화리 3643-3,3.6,일요일휴무
이성필커피볶는집  ,카페/주점-커피전문,(064) 757-4815,제주 제주시 이도이동 1772-3,4.1,매주 월요일 휴무
숲을머금은  ,카페/주점-카페,(010) 4083-4855,제주 제주시 이도이동 1766-7,4.3,연중무휴
푸름노리터  ,일식-정식,(070) 4242-2917,제주 제주시 구좌읍 월정리 569-1,3.8,매주 수
벌거벗은치킨  ,카페/주점-주점,(064) 721-1253,제주 제주시 이도이동 1769-2,3.9,연중무휴
정의골식당  ,한식-갈비,(064) 787-2240,제주 서귀포시 표선면 성읍리 868-1,4.0,연중무휴
엠츄로  ,카페/주점-카페,(064) 784-8044,제주 제주시 구좌읍 월정리 550-1 2층,3.8,연중무휴
우도향  ,한식-일반한식,(064) 783-7615,제주 제주시 우도면 연평리 683,4.0,연중무휴
카페1158(CAFE1158)  ,카페/주점-카페,(070) 8880-1158,제주 제주시 애월읍 고내리 1158,4.0,연중무휴
양푼왕갈비  ,한식-갈비,(064) 746-3663,제주 제주시 연동 314-9,3.8,일요일휴무
곤밥보리밥  ,한식-한정식,(064) 799-0116,제주 제주시 애월읍 애월리 1229-4,4.1,"첫 째, 셋 째 수요일"
해난디아장  ,카페/주점-카페,(010) 6280-3052,제주 제주시 구좌읍 행원리 1496-1,4.1,연중무휴
비손식당  ,한식-일반한식,(064) 782-6511,제주 서귀포시 성산읍 성산리 228-12,3.5,매주 일요일
탐라맛고을  ,한식-해물요리,(064) 787-5667,제주 서귀포시 표선면 표선리 41,4.0,"첫째, 셋째 일요일"
하루e수다  ,카페/주점-카페,(070) 7793-0531,제주 제주시 조천읍 신촌리 2204,4.1,매주 화요일 휴무
월정역  ,분식,(010) 4582-0098,제주 제주시 구좌읍 월정리 501-1,3.9,연중무휴
진등포  ,한식-일반한식,(064) 722-2988,제주 제주시 이도이동 1179-22,4.0,연중무휴
숲길애리네  ,한식-일반한식,(064) 782-2878,제주 제주시 구좌읍 김녕리 1223-11,3.5,연중무휴
솔지식당  ,한식,(064) 749-0349,제주 제주시 노형동 2736,3.9,연중무휴
백사장횟집  ,일식-생선회,(064) 787-5630,제주 서귀포시 표선면 표선리 45-11,3.5,연중무휴
에이 팩토리 베이커리  ,베이커리,(064) 720-8223,제주 제주시 삼도이동 1192-17,4.0,매월마지막수요일휴무
괸당네갈치요리  ,한식-해물요리,(064) 732-3757,제주 서귀포시 서귀동 42,3.8,명절 휴무
무주향  ,한식-한정식,(064) 764-9088,제주 서귀포시 남원읍 위미리 3032-2,3.7,연중무휴
모이세해장국 본점  ,한식-일반한식,(064) 746-5128,제주 제주시 오라이동 3100-3,3.9,연중무휴
하노루(HANORU) 해비치리조트  ,한식-해물요리,(064) 780-8311,제주 서귀포시 표선면 표선리 40-76,4.0,연중무휴
신라원  ,한식-기타,(064) 739-3395,제주 서귀포시 색달동 2480-4,3.8,연중무휴
한라회센타  ,한식-해물요리,(064) 724-6694,제주 제주시 일도이동 74,3.9,연중무휴
만민식당  ,한식-해물요리,(064) 796-4473,제주 제주시 한림읍 동명리 138-6,4.2,월요일휴무
정순화손두부  ,한식-일반한식,(064) 783-4900,제주 제주시 조천읍 북촌리 1586-1,3.5,연중무휴
춘미향식당  ,한식-일반한식,(064) 794-5558,제주 서귀포시 안덕면 사계리 2818,3.7,수요일휴무
쌍둥이횟집  ,일식-생선회,(064) 762-0478,제주 서귀포시 서귀동 496-18,4.0,첫째주 수요일
커피공방무무  ,카페/주점-카페,(070) 7718-1200,제주 제주시 조천읍 선흘리 469-8,4.0,연중무휴
신설오름  ,한식-일반한식,(064) 758-0143,제주 제주시 일도이동 409-5,4.1,"2,4주월요일휴무"
이춘옥원조고등어쌈밥  ,한식-해물요리,(064) 713-9914,제주 제주시 애월읍 하귀1리 266-1,2.1,수요일휴무
곽지국시  ,한식-국수전문,(064) 799-5070,제주 제주시 애월읍 곽지리 1667-14,3.9,연중무휴
망고레이 본점  ,카페/주점-카페,(064) 743-2441,제주 제주시 애월읍 하귀1리 157-6,4.7,연중무휴
한스패밀리  ,양식-기타,(064) 738-7386,제주 서귀포시 중문동 2446 한스,3.9,연중무휴
오가네전복설렁탕  ,한식-일반한식,(064) 738-9295,제주 서귀포시 토평동 1284,4.1,"1,3주수요일휴무"
시골가마솥  ,한식-삼겹살,(064) 764-7798,제주 서귀포시 남원읍 남원리 216-9,4.1,매주 일요일
고엔  ,일식-정식,(064) 733-8380,제주 서귀포시 동홍동 1183 2층,4.1,매주 월요일
서연의집  ,카페/주점-카페,(064) 764-7894,제주 서귀포시 남원읍 위미리 2975,3.8,연중무휴
제주해물밥  ,한식-일반한식,(064) 746-5755,제주 제주시 외도이동 313-1,4.1,연중무휴
갱이네보말칼국수  ,한식,(064) 753-6042,제주 제주시 이도이동 2030-2,3.1,일요일휴무
덕인당 본점  ,베이커리,(064) 783-6153,제주 제주시 조천읍 신촌리 2586-1,3.5,"둘째, 넷째주 일요일"
중문자연산횟집  ,일식-생선회,(064) 739-8177,제주 서귀포시 색달동 2481-7,4.1,연중무휴
무궁화(롯데호텔제주)  ,한식-한정식,(064) 731-4220,제주 서귀포시 색달동 2812-4,4.0,연중무휴
어기여차  ,한식-찌개전문,(064) 747-0467,제주 제주시 노형동 939-4,4.0,명절
공새미59  ,한식-일반한식,(064) 732-4757,제주 서귀포시 남원읍 신례리 60-3,4.3,화요일휴무
다정이네김밥  ,분식,(070) 8900-8070,제주 서귀포시 서귀동 255-7,3.5,월요일휴무
창천삼거리식당  ,한식-일반한식,(064) 794-6151,제주 서귀포시 안덕면 창천리 155-7,3.5,"첫째,셋째 일요일"
거멍국수  ,한식-일반한식,(064) 792-8787,제주 서귀포시 안덕면 사계리 522-1,3.4,매월 둘째주 화요일 휴무
고로케야  ,베이커리,(070) 8638-9427,제주 제주시 이도이동 317,4.0,월요일
금데기횟집  ,일식-생선회,(064) 787-1575,제주 서귀포시 표선면 표선리 45 금데기횟집,4.0,연중무휴
중문수두리보말칼국수  ,한식-국수전문,(064) 739-1070,제주 서귀포시 중문동 2056-2,4.0,"매월1,3주화요일휴무"
닻  ,카페/주점-주점,(070) 4147-2154,제주 제주시 애월읍 하귀2리 2726,4.0,수요일휴무
문개항아리  ,분식,(010) 6297-4776,제주 제주시 조천읍 신흥리 792-1,4.1,"둘째,넷째주 월요일"
데미안  ,양식-경양식,(010) 4277-0551,제주 제주시 한경면 조수리 437-9,4.3,매주 월요일
화목원  ,한식-일반한식,(064) 748-0023,제주 제주시 연동 1341-1,4.2,연중무휴
예향갈비  ,한식-갈비,(064) 739-9300,제주 서귀포시 서호동 1469-3,3.9,일요일휴무
우도해올레가든  ,한식-일반한식,(064) 782-0334,제주 제주시 우도면 연평리 1344-5,3.9,연중무휴
섬오름카페&레스토랑(섬오름호텔)  ,양식-패밀리레스토랑,(064) 800-7230,제주 서귀포시 법환동 1514-1 섬오름 카페앤레스토랑,3.9,연중무휴
한림바다체험마을  ,일식-생선회(활어회전문),(064) 796-1817,제주 제주시 한림읍 한수리 879-30,4.0,연중무휴
봄여름가을겨울  ,한식-해물요리,(064) 796-9123,제주 제주시 한림읍 한림리 1578-5,3.8,연중무휴
교래흑돼지  ,한식-삼겹살,(064) 784-6338,제주 제주시 조천읍 교래리 216-1,4.2,연중무휴
백선횟집  ,일식-생선회,(064) 751-0033,제주 제주시 삼도일동 584-22,3.9,명절
돈사돈  ,한식-삼겹살,(064) 746-8989,제주 제주시 노형동 3086-3,3.6,"명절, 둘째주 화요일"
어멍횟집  ,일식-생선회,(064) 783-1177,제주 서귀포시 성산읍 고성리 330-1,3.5,연중무휴
숯검댕이  ,한식-삼겹살,(064) 738-3523,제주 서귀포시 서호동 1476-6,4.1,연중무휴
춘자멸치국수  ,한식-국수전문,(064) 787-3124,제주 서귀포시 표선면 표선리 598-3,3.8,명절
중문솥뚜껑  ,한식-삼겹살,(064) 738-8131,제주 서귀포시 대포동 2530,4.0,연중무휴
우리봉식당  ,한식-일반한식,(064) 782-0032,제주 서귀포시 성산읍 성산리 157-1,4.5,명절
방주할머니식당  ,한식-일반한식,(064) 783-1253,제주 제주시 조천읍 선흘리 2039-1,4.1,일요일휴무
산지물 탑동본점  ,한식,(064) 752-5599,제주 제주시 건입동 1388-1,3.8,연중무휴
메종글래드 제주 삼다정  ,뷔페,(064) 710-8231,제주 제주시 연동 263-15,4.2,연중무휴
딤섬9898  ,중식-일반,(070) 4548-9898,제주 제주시 노형동 3782-8 행복한 빌딩 102호,4.0,연중무휴
우리집횟집  ,일식-생선회,(064) 743-2280,제주 제주시 노형동 755,3.8,연중무휴
산골숯불왕소금구이  ,한식-삼겹살,(064) 794-3534,제주 서귀포시 안덕면 동광리 525-3,3.9,매주 목요일
도도톳김밥  ,분식,(010) 3366-9870,제주 제주시 구좌읍 세화리 1477-15,4.0,연중무휴
유리네  ,한식-일반한식,(064) 748-0890,제주 제주시 연동 427-1,3.1,"첫째, 셋째주 목요일"
은희네해장국  ,한식-일반한식,(064) 726-5622,제주 제주시 일도이동 357-4,3.9,목요일휴무
표선해녀의집식당  ,한식,(064) 787-6844,제주 서귀포시 표선면 표선리 2384,3.8,연중무휴
중앙식당  ,한식-해물요리,(064) 794-9167,제주 서귀포시 안덕면 화순리 1077-1,3.5,연중무휴
용이식당  ,한식-일반한식,(064) 732-7892,제주 서귀포시 서귀동 297-7,3.6,"1,3주수요일휴무"
진주식당  ,한식-해물요리,(064) 762-5158,제주 서귀포시 서귀동 314-7,3.6,연중무휴
태광식당  ,한식-일반한식,(064) 751-1071,제주 제주시 용담일동 119,3.3,일요일휴무
제주미향  ,한식,(064) 738-8588,제주 서귀포시 색달동 2477,3.7,없음
황금고팡  ,한식-해물요리,(064) 784-7177,제주 제주시 조천읍 함덕리 1002-15,3.7,매주 수요일 오전 휴무
3대해녀의집  ,한식-해물요리,(064) 784-4886,제주 서귀포시 성산읍 온평리 707-1,4.0,연중무휴
